x,true_f,selected_actual_deploy_coverage,selected_pseudo_hit_share,pseudo_minus_true_hit_share,mean_selected_pseudo_z,mean_selected_true_z,mean_abs_selected_pseudo_z,mean_abs_selected_true_z,share_same_side,share_pseudo_farther_from_center_than_true,share_pseudo_near_edge,share_true_near_edge
-2.5,0.1733176589175123,0.95,0.92,-0.029999999999999916,-0.06069542840945946,0.05131809849092351,0.6726101549532147,0.5070986550500793,0.65,0.5,0.07,0.03
-2.397959183673469,-0.2915109938025119,1.0,1.0,0.0,0.13933081771903577,0.8363390966175624,0.3323514822715207,0.8363390966175624,0.72,0.04,0.0,0.01
-2.295918367346939,-0.5472945000967161,0.88,0.95,0.06999999999999995,-0.10532412744069371,-0.7001989841839875,0.6599301569724468,0.7001989841839875,0.56,0.44,0.09,0.01
-2.193877551020408,-0.4605713330117863,0.87,0.91,0.040000000000000036,-0.2798752466445573,-1.231497277463094,0.6699625103528042,1.231497277463094,0.78,0.09,0.03,0.05
-2.091836734693877,-0.0455496279401461,1.0,1.0,0.0,-0.17405158720630876,-0.3956712127458999,0.38516674293515635,0.39744424854724336,0.73,0.39,0.01,0.0
-1.989795918367347,0.5396543347943726,0.89,0.97,0.07999999999999996,0.20570550025768786,1.0699145103778676,0.6002449961332218,1.0699145103778676,0.63,0.11,0.05,0.06
-1.8877551020408163,1.0551908634361649,0.84,0.92,0.08000000000000007,0.3644948173153339,1.3122222687065,0.7857884044381425,1.3122222687065,0.74,0.08,0.11,0.06
-1.7857142857142856,1.2754287838225962,0.97,0.95,-0.020000000000000018,0.262653361409273,0.5582385414988423,0.5926941020445474,0.5582385414988423,0.73,0.45,0.04,0.04
-1.683673469387755,1.080510899209705,1.0,1.0,0.0,-0.1200381414473558,-0.7314494075675566,0.2695743361818558,0.7314494075675566,0.65,0.05,0.01,0.0
-1.5816326530612246,0.5069691785060113,0.84,0.94,0.09999999999999998,-0.4485969719641407,-1.3309075473109888,0.7064277473724502,1.3309075473109888,0.81,0.06,0.09,0.07
-1.479591836734694,-0.2629832842487771,0.91,0.93,0.020000000000000018,-0.38049834536119953,-0.7447855908578096,0.7097197566015464,0.7447855908578096,0.73,0.46,0.05,0.03
-1.3775510204081631,-0.9695840625665644,1.0,0.96,-0.040000000000000036,-0.09550828816819416,0.26634957061374903,0.4929535917621734,0.44168545586716507,0.56,0.38,0.03,0.01
-1.2755102040816326,-1.374410932157454,0.99,1.0,0.010000000000000009,0.27898550655007176,1.0464637737551516,0.4854230701023323,1.0464637737551516,0.73,0.04,0.01,0.03
-1.173469387755102,-1.3511509742303678,0.92,0.96,0.039999999999999925,0.42437803354369064,0.8763833089092092,0.7050600178109832,0.8763833089092092,0.79,0.23,0.07,0.07
-1.0714285714285714,-0.9325632504889808,1.0,0.93,-0.06999999999999995,0.24030185666694945,0.04186716889176858,0.603038532887777,0.3522927029865317,0.45,0.7,0.07,0.05
-0.9693877551020408,-0.2952807950957102,1.0,0.98,-0.020000000000000018,-0.07844444361703128,-0.7194441745680231,0.5267785883204202,0.788894473158033,0.61,0.2,0.06,0.0
-0.8673469387755102,0.311308491168385,0.97,0.98,0.010000000000000009,-0.2628007641050364,-0.787425128438798,0.5681169284569515,0.7968860882895926,0.71,0.23,0.01,0.01
-0.7653061224489796,0.6637657204454745,0.99,0.96,-0.030000000000000027,-0.16941181822856233,-0.15781460585922852,0.5197499422310077,0.30660136883806843,0.68,0.7,0.03,0.02
-0.6632653061224489,0.6517193693582644,1.0,1.0,0.0,0.09956717107102571,0.6215962277114313,0.3951977808413517,0.6581145559762583,0.63,0.2,0.03,0.01
-0.5612244897959183,0.3189482069057464,1.0,1.0,0.0,0.30676140023080295,0.915915213191553,0.39528161138986173,0.915915213191553,0.82,0.01,0.0,0.01
-0.4591836734693877,-0.1576321841759603,1.0,1.0,0.0,0.28946548182090504,0.5352977800515246,0.4685142459450528,0.5352977800515246,0.78,0.35,0.0,0.0
-0.3571428571428571,-0.5423961844907106,1.0,0.99,-0.010000000000000009,0.07089938572498779,-0.1729126608901953,0.36039742345403825,0.34149327426586373,0.57,0.34,0.01,0.0
-0.2551020408163265,-0.6389010549420908,1.0,0.99,-0.010000000000000009,-0.16820186035177023,-0.648206098051411,0.3477038467028512,0.6625656714561401,0.76,0.15,0.0,0.0
-0.1530612244897958,-0.3719649518252275,1.0,1.0,0.0,-0.21863996462301408,-0.5529421050997883,0.37364051928558717,0.5539888968365569,0.75,0.19,0.01,0.0
-0.0510204081632652,0.1790462730010161,1.0,1.0,0.0,-0.04688090200107841,-0.008936250613946742,0.42325299469588884,0.23085649355675386,0.7,0.71,0.02,0.0
0.0510204081632652,0.8092627090482569,0.99,0.98,-0.010000000000000009,0.20692420319950203,0.5454967217140144,0.5779498276390398,0.597060341661727,0.7,0.39,0.05,0.0
0.1530612244897958,1.2683795573686838,0.99,0.98,-0.010000000000000009,0.3465644470419557,0.7207320944865765,0.6875367661252089,0.7408203675139359,0.75,0.39,0.06,0.02
0.2551020408163265,1.360071377459285,1.0,1.0,0.0,0.24717254407549813,0.42713351269384825,0.5422821907735595,0.4484168449630965,0.74,0.55,0.03,0.01
0.3571428571428571,1.0212667804453497,1.0,1.0,0.0,-0.03063127977622534,-0.0900459786859204,0.304318775082334,0.22416146724905125,0.68,0.57,0.0,0.0
0.4591836734693877,0.3496769836430552,1.0,0.99,-0.010000000000000009,-0.27314393994791186,-0.44291759127902025,0.36265795553214275,0.4558996550577642,0.84,0.23,0.01,0.0
0.5612244897959183,-0.4315858028530012,1.0,0.99,-0.010000000000000009,-0.30377822090543666,-0.40364891258617136,0.4023757284349992,0.4081401027063347,0.81,0.4,0.02,0.0
0.6632653061224489,-1.0585661566524274,1.0,0.99,-0.010000000000000009,-0.11069606277432759,-0.03396384371719673,0.27776025580495967,0.09179676872203286,0.62,0.85,0.01,0.0
0.7653061224489796,-1.326992505452922,1.0,0.99,-0.010000000000000009,0.1664364434917038,0.3647274821972434,0.2505544785186406,0.3711648087355393,0.78,0.19,0.0,0.0
0.8673469387755102,-1.169247502982247,1.0,1.0,0.0,0.3174418853173356,0.4760212807393465,0.4117035745632097,0.4784776167155698,0.84,0.36,0.01,0.0
0.9693877551020408,-0.6775980524984555,1.0,0.99,-0.010000000000000009,0.24342576636413127,0.22053291420759583,0.531262462193627,0.31468147060072016,0.77,0.69,0.02,0.0
1.0714285714285714,-0.0647957722538648,1.0,0.98,-0.020000000000000018,0.01982955059250769,-0.1776871240297524,0.6130629162496417,0.3799611140823794,0.66,0.67,0.06,0.0
1.173469387755102,0.4220476385156321,1.0,0.95,-0.050000000000000044,-0.1521299602710884,-0.35291450943676206,0.6682514758328769,0.533929647643768,0.74,0.54,0.02,0.0
1.2755102040816326,0.5999526346714462,1.0,0.96,-0.040000000000000036,-0.1465263797837951,-0.11096640222999843,0.6054194107508709,0.36979645608500283,0.77,0.67,0.04,0.01
1.3775510204081631,0.4217810386404098,1.0,0.98,-0.020000000000000018,0.009187241064715591,0.39377951639689834,0.4769577078713242,0.4082749594569946,0.58,0.45,0.02,0.01
1.479591836734694,-0.0072289608797654,1.0,1.0,0.0,0.15403543493327626,0.7422562842116608,0.3297682788520839,0.7422562842116608,0.65,0.05,0.01,0.0
1.5816326530612246,-0.4744659255018634,1.0,1.0,0.0,0.15167280080695048,0.5422082946822693,0.23798802127732518,0.5422082946822693,0.72,0.09,0.0,0.0
1.683673469387755,-0.7483143468219203,1.0,1.0,0.0,0.023043918302566663,-0.13949132047945698,0.238050772141838,0.15076050726707393,0.58,0.69,0.0,0.0
1.7857142857142856,-0.6744270405410513,1.0,1.0,0.0,-0.08106061095364896,-0.7442522266445296,0.2885196105995223,0.7442522266445296,0.62,0.03,0.0,0.0
1.8877551020408163,-0.2412659271794137,1.0,1.0,0.0,-0.027668123976892965,-0.6601436317265318,0.4950393033597907,0.7049276709388848,0.54,0.27,0.03,0.0
1.989795918367347,0.4115138948329463,0.97,0.94,-0.030000000000000027,0.11643123984355626,0.1703577225045688,0.6762850071073413,0.35357685048541393,0.77,0.75,0.05,0.01
2.091836734693877,1.0455201744809497,0.94,0.94,0.0,0.1587489274623838,0.931300372988996,0.7403572011817549,0.9318492350393476,0.64,0.28,0.05,0.03
2.193877551020408,1.4163655110877331,0.95,1.0,0.050000000000000044,0.07891935561770276,0.9706888348159116,0.6528404687845817,0.9706888348159116,0.55,0.26,0.08,0.04
2.295918367346939,1.3700412059766047,1.0,0.99,-0.010000000000000009,-0.15630303966181447,-0.2389260298748404,0.43504106437944984,0.2741548742942825,0.77,0.65,0.02,0.0
2.397959183673469,0.90471006717992,1.0,1.0,0.0,-0.1616140380472706,-0.9404193704728944,0.289695176497591,0.9404193704728944,0.77,0.03,0.0,0.0
2.5,0.1733176589175135,0.94,1.0,0.06000000000000005,0.26714359994820996,0.9990652408645556,0.5352541374530528,0.9990652408645556,0.76,0.06,0.03,0.05
