x,true_f,alpha,selected_actual_deploy_coverage,selected_estimated_coverage,actual_deployed_coverage_mean,estimated_coverage_mean,pseudo_hit_share_under_deployed_CI,pseudo_minus_true_hit_share,mean_abs_pseudo_z_under_deployed_CI,mean_abs_true_z_under_deployed_CI,mean_abs_true_minus_pseudo_z,mean_signed_pseudo_z,mean_signed_true_z
-2.295918367346939,-0.5472945000967161,0.1,0.88,0.9706999999999998,1.0,1.0,1.0,0.0,0.2592063018813655,0.26811548465976204,0.00890918277839653,-0.04111006268248014,-0.2681154846597619
-2.295918367346939,-0.5472945000967161,0.2,0.88,0.9706999999999998,1.0,0.9966999999999999,1.0,0.0,0.3529948177947152,0.3650295396987848,0.012034721904069623,-0.05585187576782654,-0.3650295396987849
-2.295918367346939,-0.5472945000967161,0.3,0.88,0.9706999999999998,1.0,0.9910000000000001,1.0,0.0,0.42362913311280764,0.4382275568437073,0.014598423730899646,-0.06732376061625588,-0.4382275568437074
-2.295918367346939,-0.5472945000967161,0.4,0.88,0.9706999999999998,0.99,0.9815999999999998,0.99,0.0,0.4823361655396407,0.4990145163016827,0.016678350762041994,-0.07690686035693513,-0.49901451630168303
-2.295918367346939,-0.5472945000967161,0.5,0.88,0.9706999999999998,0.95,0.9714999999999996,0.99,0.040000000000000036,0.5345575034910073,0.5524053325272913,0.017847829036284013,-0.08470921289809866,-0.5524053325272911
-2.295918367346939,-0.5472945000967161,0.6,0.88,0.9706999999999998,0.93,0.9601999999999997,0.98,0.04999999999999993,0.5803333497586105,0.6008341529589633,0.020500803200352746,-0.09186930648799828,-0.6008341529589631
-2.295918367346939,-0.5472945000967161,0.7,0.88,0.9706999999999998,0.92,0.9504999999999998,0.98,0.05999999999999994,0.6234668069906492,0.6444337955256983,0.02096698853504919,-0.09786147802965639,-0.6444337955256983
-2.295918367346939,-0.5472945000967161,0.8,0.88,0.9706999999999998,0.9,0.9403999999999999,0.96,0.05999999999999994,0.6628049893903522,0.6858442429205103,0.02303925353015812,-0.10661354320811883,-0.6858442429205104
-2.295918367346939,-0.5472945000967161,0.9,0.88,0.9706999999999998,0.89,0.9309999999999995,0.93,0.040000000000000036,0.6997572379721336,0.7234817869505378,0.023724548978404147,-0.11028405711705559,-0.723481786950538
-2.295918367346939,-0.5472945000967161,1.0,0.88,0.9706999999999998,0.87,0.9211999999999998,0.93,0.06000000000000005,0.7343161684103847,0.7597429198333918,0.0254267514230071,-0.11682721002141593,-0.7597429198333916
-2.193877551020408,-0.4605713330117863,0.1,0.87,0.9644000000000001,1.0,0.9989999999999999,1.0,0.0,0.28161283095532963,0.5017070438569441,0.22009421290161446,-0.11300946945770207,-0.501707043856944
-2.193877551020408,-0.4605713330117863,0.2,0.87,0.9644000000000001,1.0,0.9915999999999998,1.0,0.0,0.39013851938543836,0.6951993847159698,0.3050608653305314,-0.15624871888207945,-0.6951993847159695
-2.193877551020408,-0.4605713330117863,0.3,0.87,0.9644000000000001,0.93,0.9789999999999995,1.0,0.06999999999999995,0.4719549128089799,0.8418616262331213,0.36990671342414144,-0.18898758702396254,-0.8418616262331213
-2.193877551020408,-0.4605713330117863,0.4,0.87,0.9644000000000001,0.91,0.9630999999999993,0.96,0.04999999999999993,0.5400459987440925,0.9630580914114445,0.42301209266735196,-0.2169935468352694,-0.9630580914114444
-2.193877551020408,-0.4605713330117863,0.5,0.87,0.9644000000000001,0.87,0.9474999999999996,0.94,0.06999999999999995,0.6001670484237338,1.0699633718881556,0.4697963234644218,-0.24017013823679648,-1.0699633718881554
-2.193877551020408,-0.4605713330117863,0.6,0.87,0.9644000000000001,0.85,0.9310999999999996,0.91,0.06000000000000005,0.6523364527735299,1.1652947599524033,0.5129583071788734,-0.2612418447421427,-1.1652947599524033
-2.193877551020408,-0.4605713330117863,0.7,0.87,0.9644000000000001,0.84,0.9160000000000004,0.89,0.050000000000000044,0.7010566461166818,1.2509347729710243,0.5498781268543425,-0.2797830016716249,-1.250934772971024
-2.193877551020408,-0.4605713330117863,0.8,0.87,0.9644000000000001,0.84,0.9045000000000002,0.87,0.030000000000000027,0.7471914800330585,1.3319193969809964,0.5847279169479379,-0.2998989383216796,-1.3319193969809964
-2.193877551020408,-0.4605713330117863,0.9,0.87,0.9644000000000001,0.83,0.8927999999999997,0.86,0.030000000000000027,0.7879907623833113,1.4043762578748962,0.6163854954915848,-0.3141120450201096,-1.4043762578748957
-2.193877551020408,-0.4605713330117863,1.0,0.87,0.9644000000000001,0.83,0.8815000000000001,0.86,0.030000000000000027,0.8264989882096563,1.474389206286019,0.6478902180763628,-0.3333046814236059,-1.474389206286019
-1.989795918367347,0.5396543347943726,0.1,0.89,0.9873999999999999,1.0,1.0,1.0,0.0,0.21547274142384573,0.3848503590173559,0.1693776175935102,0.07138674071224646,0.3848503590173557
-1.989795918367347,0.5396543347943726,0.2,0.89,0.9873999999999999,1.0,0.9998999999999999,1.0,0.0,0.29532817677115264,0.5277241370359519,0.23239596026479925,0.09745466222633993,0.5277241370359518
-1.989795918367347,0.5396543347943726,0.3,0.89,0.9873999999999999,1.0,0.9997,1.0,0.0,0.3553462886532814,0.6345314628614429,0.2791851742081615,0.11713370166372633,0.6345314628614429
-1.989795918367347,0.5396543347943726,0.4,0.89,0.9873999999999999,1.0,0.9995999999999999,1.0,0.0,0.4043615827820863,0.7217807702952791,0.3174191875131928,0.1327869135701889,0.7217807702952793
-1.989795918367347,0.5396543347943726,0.5,0.89,0.9873999999999999,0.96,0.9986999999999999,1.0,0.040000000000000036,0.44662150253844257,0.7978318599722486,0.351210357433806,0.14638453020649728,0.7978318599722485
-1.989795918367347,0.5396543347943726,0.6,0.89,0.9873999999999999,0.95,0.9958999999999998,1.0,0.050000000000000044,0.48471276773757954,0.8654073828710398,0.38069461513346026,0.1592488434106242,0.8654073828710399
-1.989795918367347,0.5396543347943726,0.7,0.89,0.9873999999999999,0.95,0.9927999999999997,0.99,0.040000000000000036,0.5201069227694145,0.9286000959983567,0.4084931732289422,0.17110938523001934,0.9286000959983564
-1.989795918367347,0.5396543347943726,0.8,0.89,0.9873999999999999,0.93,0.9895999999999998,0.99,0.05999999999999994,0.5494911325595733,0.983080329189356,0.4335891966297827,0.17957143459289363,0.9830803291893563
-1.989795918367347,0.5396543347943726,0.9,0.89,0.9873999999999999,0.88,0.9851999999999995,0.96,0.07999999999999996,0.5783940321183205,1.0338588691469106,0.4554648370285901,0.19041153469357816,1.0338588691469106
-1.989795918367347,0.5396543347943726,1.0,0.89,0.9873999999999999,0.88,0.9795,0.96,0.07999999999999996,0.6063050979910176,1.0820315133462193,0.47572641535520166,0.20052235147640263,1.0820315133462193
-1.8877551020408163,1.0551908634361649,0.1,0.84,0.9671999999999998,1.0,1.0,1.0,0.0,0.3313319271514919,0.5365160670597138,0.20518413990822187,0.1509256590575254,0.5365160670597136
-1.8877551020408163,1.0551908634361649,0.2,0.84,0.9671999999999998,0.96,0.9984999999999998,1.0,0.040000000000000036,0.45715603796501775,0.7406988128268869,0.28354277486186913,0.20783961892551653,0.740698812826887
-1.8877551020408163,1.0551908634361649,0.3,0.84,0.9671999999999998,0.94,0.9919,0.94,0.0,0.5502916345530532,0.8915854577937818,0.34129382324072866,0.25015892821238617,0.8915854577937822
-1.8877551020408163,1.0551908634361649,0.4,0.84,0.9671999999999998,0.9,0.9801999999999996,0.94,0.039999999999999925,0.6281200952476188,1.0163805084293929,0.38826041318177407,0.2840245859411197,1.0163805084293924
-1.8877551020408163,1.0551908634361649,0.5,0.84,0.9671999999999998,0.86,0.9651,0.93,0.07000000000000006,0.6936730762263013,1.1239197522868793,0.4302466760605781,0.3155206597777023,1.1239197522868793
-1.8877551020408163,1.0551908634361649,0.6,0.84,0.9671999999999998,0.85,0.9477999999999995,0.92,0.07000000000000006,0.7533225031818768,1.219706279723568,0.4663837765416913,0.34077750386503114,1.2197062797235687
-1.8877551020408163,1.0551908634361649,0.7,0.84,0.9671999999999998,0.83,0.9324999999999999,0.87,0.040000000000000036,0.8086022532297921,1.310133026479753,0.501530773249961,0.36674182741853,1.310133026479753
-1.8877551020408163,1.0551908634361649,0.8,0.84,0.9671999999999998,0.83,0.9171999999999997,0.87,0.040000000000000036,0.8526385174692007,1.3827010327585,0.5300625152892994,0.3854236400333867,1.3827010327584999
-1.8877551020408163,1.0551908634361649,0.9,0.84,0.9671999999999998,0.83,0.9034000000000002,0.87,0.040000000000000036,0.8978665497788484,1.4564546020391906,0.5585880522603422,0.4090976022525849,1.4564546020391904
-1.8877551020408163,1.0551908634361649,1.0,0.84,0.9671999999999998,0.82,0.8895000000000001,0.87,0.050000000000000044,0.9397250045847828,1.5211897921781505,0.5814647875933677,0.42842186262718135,1.5211897921781505
-1.5816326530612246,0.5069691785060113,0.1,0.84,0.9827999999999996,1.0,1.0,1.0,0.0,0.262952825498545,0.489531323107525,0.22657849760898002,-0.16085841049887112,-0.48953132310752506
-1.5816326530612246,0.5069691785060113,0.2,0.84,0.9827999999999996,1.0,1.0,1.0,0.0,0.3628092990302347,0.6755773932830862,0.3127680942528515,-0.22186585745286488,-0.6755773932830864
-1.5816326530612246,0.5069691785060113,0.3,0.84,0.9827999999999996,1.0,1.0,1.0,0.0,0.43466589717178017,0.81051946601771,0.3758535688459298,-0.26521282576704974,-0.8105194660177101
-1.5816326530612246,0.5069691785060113,0.4,0.84,0.9827999999999996,0.96,0.9985999999999998,1.0,0.040000000000000036,0.4948298952410512,0.9226015982503946,0.42777170300934336,-0.3027986490485369,-0.9226015982503951
-1.5816326530612246,0.5069691785060113,0.5,0.84,0.9827999999999996,0.94,0.9962999999999996,1.0,0.06000000000000005,0.5454729668489493,1.0160244329252444,0.47055146607629506,-0.33469963182174634,-1.0160244329252446
-1.5816326530612246,0.5069691785060113,0.6,0.84,0.9827999999999996,0.92,0.9922999999999996,0.99,0.06999999999999995,0.5888149216705698,1.0996295682022543,0.5108146465316845,-0.3594527498322755,-1.0996295682022543
-1.5816326530612246,0.5069691785060113,0.7,0.84,0.9827999999999996,0.86,0.9875999999999996,0.97,0.10999999999999999,0.6329185287968816,1.1778787361091505,0.5449602073122689,-0.38461182317683623,-1.1778787361091505
-1.5816326530612246,0.5069691785060113,0.8,0.84,0.9827999999999996,0.84,0.9812999999999994,0.96,0.12,0.6657837120203804,1.2418306645047275,0.576046952484347,-0.4069105170231875,-1.2418306645047275
-1.5816326530612246,0.5069691785060113,0.9,0.84,0.9827999999999996,0.84,0.9735999999999992,0.94,0.09999999999999998,0.6977350015210037,1.2989154479986518,0.6011804464776481,-0.4242587915872214,-1.2989154479986518
-1.5816326530612246,0.5069691785060113,1.0,0.84,0.9827999999999996,0.84,0.9665999999999997,0.94,0.09999999999999998,0.7268439438896916,1.3542282470805733,0.6273843031908817,-0.44405734874123115,-1.3542282470805724
-1.479591836734694,-0.2629832842487771,0.1,0.91,0.9649999999999999,1.0,1.0,1.0,0.0,0.3076502816288902,0.30508404617770607,-0.002566235451184118,-0.1573537767175955,-0.30508404617770596
-1.479591836734694,-0.2629832842487771,0.2,0.91,0.9649999999999999,1.0,0.9985999999999998,1.0,0.0,0.42544514354875096,0.42163913516498286,-0.0038060083837681002,-0.2168221753869162,-0.42163913516498286
-1.479591836734694,-0.2629832842487771,0.3,0.91,0.9649999999999999,0.99,0.9927999999999997,0.99,0.0,0.5108711266551308,0.5063611026543032,-0.004510024000827562,-0.26006266181553855,-0.5063611026543029
-1.479591836734694,-0.2629832842487771,0.4,0.91,0.9649999999999999,0.95,0.9823999999999999,0.95,0.0,0.5784292268456485,0.5750326044513302,-0.0033966223943182605,-0.2978127032192441,-0.5750326044513298
-1.479591836734694,-0.2629832842487771,0.5,0.91,0.9649999999999999,0.95,0.9659999999999994,0.93,-0.019999999999999907,0.6380156157389297,0.6331436762403166,-0.004871939498613087,-0.32701815526218064,-0.6331436762403168
-1.479591836734694,-0.2629832842487771,0.6,0.91,0.9649999999999999,0.94,0.9509999999999992,0.92,-0.019999999999999907,0.6897166451717145,0.6834016535660203,-0.0063149916056941535,-0.3511530494319752,-0.6834016535660205
-1.479591836734694,-0.2629832842487771,0.7,0.91,0.9649999999999999,0.93,0.9350000000000002,0.91,-0.020000000000000018,0.7403024650195543,0.7318195607388513,-0.008482904280702974,-0.3745256528895516,-0.7318195607388513
-1.479591836734694,-0.2629832842487771,0.8,0.91,0.9649999999999999,0.93,0.9240999999999999,0.89,-0.040000000000000036,0.7772406492466609,0.7715276786269833,-0.005712970619677571,-0.39644378113024287,-0.7715276786269837
-1.479591836734694,-0.2629832842487771,0.9,0.91,0.9649999999999999,0.92,0.9095999999999997,0.88,-0.040000000000000036,0.8141557054706644,0.806872063675848,-0.007283641794816442,-0.41317772442115674,-0.8068720636758484
-1.479591836734694,-0.2629832842487771,1.0,0.91,0.9649999999999999,0.89,0.8949999999999995,0.87,-0.020000000000000018,0.8500705885804314,0.8422683183203739,-0.007802270260057531,-0.43188230151755674,-0.8422683183203736
-1.173469387755102,-1.3511509742303678,0.1,0.92,0.9895999999999998,1.0,1.0,1.0,0.0,0.26252553614817037,0.323080680144188,0.060555143996017635,0.14905119394665867,0.323080680144188
-1.173469387755102,-1.3511509742303678,0.2,0.92,0.9895999999999998,1.0,1.0,1.0,0.0,0.3614618728398233,0.444774695511503,0.08331282267167972,0.20396568876259205,0.4447746955115028
-1.173469387755102,-1.3511509742303678,0.3,0.92,0.9895999999999998,1.0,0.9998999999999999,1.0,0.0,0.43273824948142137,0.5330886326184642,0.10035038313704281,0.24572017638879826,0.5330886326184643
-1.173469387755102,-1.3511509742303678,0.4,0.92,0.9895999999999998,1.0,0.9993999999999998,1.0,0.0,0.49071156996543147,0.604402517733073,0.11369094776764149,0.2791977516463774,0.604402517733073
-1.173469387755102,-1.3511509742303678,0.5,0.92,0.9895999999999998,1.0,0.9969999999999999,1.0,0.0,0.5419546320576493,0.6664749421983542,0.12452031014070497,0.3088289644312665,0.6664749421983543
-1.173469387755102,-1.3511509742303678,0.6,0.92,0.9895999999999998,1.0,0.9932999999999997,1.0,0.0,0.5851013727375709,0.7198970747295113,0.13479570199194035,0.32909835788056546,0.7198970747295113
-1.173469387755102,-1.3511509742303678,0.7,0.92,0.9895999999999998,0.98,0.9894999999999996,0.98,0.0,0.6261189853939554,0.7715828098824886,0.14546382448853323,0.35340576210274344,0.7715828098824885
-1.173469387755102,-1.3511509742303678,0.8,0.92,0.9895999999999998,0.95,0.9847999999999999,0.97,0.020000000000000018,0.6564920381309058,0.8093908010447822,0.15289876291387638,0.3714955005223128,0.8093908010447823
-1.173469387755102,-1.3511509742303678,0.9,0.92,0.9895999999999998,0.93,0.9802999999999996,0.96,0.029999999999999916,0.6918534429175134,0.8529643724118864,0.161110929494373,0.39099464973863,0.8529643724118859
-1.173469387755102,-1.3511509742303678,1.0,0.92,0.9895999999999998,0.92,0.9757999999999996,0.96,0.039999999999999925,0.7221316815741227,0.889145693472468,0.1670140118983453,0.41290057452141793,0.8891456934724683
2.091836734693877,1.0455201744809497,0.1,0.94,0.9671999999999997,1.0,1.0,1.0,0.0,0.3446803403951463,0.4094988897530274,0.06481854935788112,0.08747166176509091,0.40929925058471006
2.091836734693877,1.0455201744809497,0.2,0.94,0.9671999999999997,0.99,0.9965999999999998,1.0,0.010000000000000009,0.4707890993881885,0.5596276315646521,0.08883853217646359,0.12052473852177484,0.5593579154631411
2.091836734693877,1.0455201744809497,0.3,0.94,0.9671999999999997,0.96,0.9863999999999996,0.98,0.020000000000000018,0.557567511362954,0.6596778417431705,0.10211033038021644,0.1422189767282728,0.6593616651968128
2.091836734693877,1.0455201744809497,0.4,0.94,0.9671999999999997,0.96,0.9731999999999995,0.94,-0.020000000000000018,0.6245336045693799,0.7395531166338113,0.1150195120644314,0.1592714753374321,0.7392094586455492
2.091836734693877,1.0455201744809497,0.5,0.94,0.9671999999999997,0.94,0.9537999999999996,0.94,0.0,0.6890814035839373,0.814019826465693,0.12493842288175572,0.17193052436499923,0.8136201568792089
2.091836734693877,1.0455201744809497,0.6,0.94,0.9671999999999997,0.95,0.9381,0.92,-0.029999999999999916,0.7159453324002644,0.8527092647659714,0.13676393236570705,0.17951470509223963,0.8522838887101339
2.091836734693877,1.0455201744809497,0.7,0.94,0.9671999999999997,0.94,0.9226999999999999,0.91,-0.029999999999999916,0.7895340240537577,0.9260771866460084,0.13654316259225063,0.1955819995755793,0.9256532843180054
2.091836734693877,1.0455201744809497,0.8,0.94,0.9671999999999997,0.92,0.9097999999999999,0.9,-0.020000000000000018,0.8116435461816303,0.9707586926611869,0.1591151464795566,0.2131021304685506,0.9703296119335143
2.091836734693877,1.0455201744809497,0.9,0.94,0.9671999999999997,0.9,0.9001,0.86,-0.040000000000000036,0.858362311936014,1.0206079488277486,0.16224563689173466,0.2108118967056085,1.020266205743762
2.091836734693877,1.0455201744809497,1.0,0.94,0.9671999999999997,0.89,0.8890999999999998,0.85,-0.040000000000000036,0.9066535248909363,1.0875463311134228,0.1808928062224865,0.2280116372018503,1.0869974690630715
2.5,0.1733176589175135,0.1,0.94,0.9791999999999997,1.0,0.9992,1.0,0.0,0.23545231504052844,0.4062014826754594,0.17074916763493098,0.09389891903846348,0.4062014826754595
2.5,0.1733176589175135,0.2,0.94,0.9791999999999997,1.0,0.9910999999999999,1.0,0.0,0.31481835128956237,0.5425074271083666,0.22768907581880427,0.12525691339874567,0.5425074271083666
2.5,0.1733176589175135,0.3,0.94,0.9791999999999997,1.0,0.982,0.98,-0.020000000000000018,0.37173886228781355,0.6413896649375466,0.269650802649733,0.14866221106366467,0.6413896649375466
2.5,0.1733176589175135,0.4,0.94,0.9791999999999997,1.0,0.9752,0.98,-0.020000000000000018,0.4175030257517767,0.7199301444504401,0.3024271186986634,0.1664282514401657,0.7199301444504402
2.5,0.1733176589175135,0.5,0.94,0.9791999999999997,1.0,0.9689,0.98,-0.020000000000000018,0.4602142146453891,0.7930913440208864,0.33287712937549735,0.1826763581955108,0.7930913440208868
2.5,0.1733176589175135,0.6,0.94,0.9791999999999997,1.0,0.9632999999999998,0.98,-0.020000000000000018,0.4932866203812916,0.8513928369294423,0.3581062165481507,0.19666737565797207,0.851392836929442
2.5,0.1733176589175135,0.7,0.94,0.9791999999999997,0.99,0.9560999999999997,0.98,-0.010000000000000009,0.5273837385915161,0.9095146456688257,0.38213090707730957,0.20915182571677676,0.9095146456688252
2.5,0.1733176589175135,0.8,0.94,0.9791999999999997,0.98,0.9502999999999997,0.98,0.0,0.5543847475512679,0.9591309076749195,0.4047461601236516,0.22150642460438977,0.9591309076749195
2.5,0.1733176589175135,0.9,0.94,0.9791999999999997,0.97,0.9438999999999997,0.98,0.010000000000000009,0.584886523339471,1.0080324316938396,0.4231459083543686,0.23053000142649618,1.0080324316938403
2.5,0.1733176589175135,1.0,0.94,0.9791999999999997,0.93,0.9382999999999997,0.98,0.04999999999999993,0.6129063523830939,1.0586660860420778,0.4457597336589839,0.24356661020205322,1.058666086042078
