x,true_f,alpha_star,mu,std,lower,upper,hit
-2.5,0.1733176589175123,0.3,0.1870616321652228,0.044327849409052086,0.1001806438113656,0.27394262051908,1
-2.3979591836734695,-0.2915109938025119,1.0,-0.30140477288630674,0.012043485594314705,-0.3250095708994905,-0.27779997487312297,1
-2.295918367346939,-0.5472945000967161,0.1,-0.5442392343963164,0.03343782335557022,-0.6097761638946463,-0.4787023048979865,1
-2.193877551020408,-0.4605713330117863,0.1,-0.450009802860479,0.03204950179441115,-0.5128256720999766,-0.3871939336209813,1
-2.0918367346938775,-0.04554962794014611,0.4,-0.0423724267343958,0.01597868239425909,-0.07369006874754785,-0.011054784721243736,1
-1.989795918367347,0.5396543347943726,1.0,0.5313080781647017,0.010657904333322232,0.5104189695207167,0.5521971868086867,1
-1.8877551020408163,1.0551908634361649,1.0,1.043665949140355,0.010452984807477661,1.0231784753867545,1.0641534228939555,1
-1.7857142857142856,1.2754287838225962,1.0,1.2714292686329,0.010398230176311102,1.2510491119843727,1.2918094252814274,1
-1.683673469387755,1.080510899209705,1.0,1.087047452536533,0.010441879272926564,1.0665817452306816,1.1075131598423844,1
-1.5816326530612246,0.5069691785060113,1.0,0.5176441165756962,0.010418142359668104,0.49722493276493557,0.5380633003864568,1
-1.4795918367346939,-0.26298328424877715,0.8,-0.2574660718265497,0.011233455302144776,-0.27948323964069394,-0.2354489040124054,1
-1.3775510204081631,-0.9695840625665644,1.0,-0.973278786844007,0.010434419468159683,-0.9937298732011836,-0.9528277004868305,1
-1.2755102040816326,-1.374410932157454,1.0,-1.3832635993973657,0.01043717378912994,-1.4037200841244457,-1.3628071146702856,1
-1.1734693877551021,-1.3511509742303678,1.0,-1.3571771082640913,0.0104263029974369,-1.3776122866309697,-1.336741929897213,1
-1.0714285714285714,-0.9325632504889807,1.0,-0.9309230920301584,0.010411801752994894,-0.9513298484801994,-0.9105163355801175,1
-0.9693877551020408,-0.29528079509571026,1.0,-0.2881476314389424,0.0104058757374988,-0.3085427731120392,-0.2677524897658456,1
-0.8673469387755102,0.311308491168385,0.8,0.31701798517905655,0.011434570800540562,0.2946066382313237,0.3394293321267894,1
-0.7653061224489796,0.6637657204454745,0.6,0.6624531163310722,0.013368396148564762,0.6362515413488212,0.6886546913133231,1
-0.6632653061224489,0.6517193693582644,1.0,0.6437002893673789,0.010533836542011892,0.6230543491260037,0.6643462296087541,1
-0.5612244897959183,0.3189482069057464,1.0,0.3099446324734076,0.010503406549129613,0.2893583339221314,0.3305309310246838,1
-0.4591836734693877,-0.15763218417596037,1.0,-0.16131205321304812,0.010459661429583033,-0.1818126129055136,-0.14081149352058264,1
-0.3571428571428571,-0.5423961844907106,1.0,-0.5388184768622456,0.010435139306857792,-0.5592709740773452,-0.518365979647146,1
-0.2551020408163265,-0.6389010549420908,1.0,-0.6317168034438031,0.010451528520929957,-0.652201422928219,-0.6112321839593872,1
-0.15306122448979587,-0.3719649518252275,1.0,-0.3672906568470403,0.010535261192538442,-0.3879393893521382,-0.34664192434194246,1
-0.05102040816326525,0.17904627300101617,1.0,0.17729449215841578,0.01066193594620958,0.15639748169837203,0.19819150261845953,1
0.05102040816326525,0.8092627090482569,0.7,0.8019851064290083,0.012403028652811284,0.7776756169702799,0.8262945958877368,1
0.15306122448979587,1.2683795573686838,0.6,1.2602271370872762,0.013320926580040731,1.234118600749694,1.2863356734248583,1
0.2551020408163265,1.360071377459285,1.0,1.355898627305065,0.01068316607375073,1.3349600065596534,1.3768372480504767,1
0.3571428571428571,1.0212667804453497,1.0,1.0228303022036203,0.01068344820185195,1.0018911284972913,1.0437694759099492,1
0.4591836734693877,0.3496769836430552,1.0,0.3547481396626264,0.010748717838119115,0.3336810398199297,0.37581523950532314,1
0.5612244897959183,-0.43158580285300124,1.0,-0.4273795031146844,0.010849594282801833,-0.4486443171558477,-0.40611468907352116,1
0.6632653061224489,-1.0585661566524274,1.0,-1.0586131879507712,0.010999215699503453,-1.0801712545799855,-1.0370551213215569,1
0.7653061224489796,-1.326992505452922,1.0,-1.3314076567367037,0.011145267757529642,-1.3532519801395173,-1.30956333333389,1
0.8673469387755102,-1.1692475029822467,1.0,-1.1749300434671164,0.011114493615499316,-1.1967140506598954,-1.1531460362743373,1
0.9693877551020408,-0.6775980524984555,0.9,-0.6806252580242115,0.010763740863343502,-0.7017218024552868,-0.6595287135931361,1
1.0714285714285714,-0.06479577225386485,0.5,-0.0635254333300028,0.015484897886634666,-0.09387527549208713,-0.033175591167918454,1
1.1734693877551021,0.42204763851563215,0.4,0.42548139959394415,0.015267590269183347,0.3955574725356306,0.4554053266522577,1
1.2755102040816326,0.5999526346714462,0.4,0.601139595339026,0.015339402572389825,0.5710749187527808,0.6312042719252711,1
1.3775510204081631,0.4217810386404098,0.6,0.41770782555154906,0.013013369202541267,0.39220209059704547,0.44321356050605265,1
1.4795918367346939,-0.007228960879765434,1.0,-0.015149462918388451,0.011903109693607807,-0.038479129221889355,0.00818020338511245,1
1.5816326530612246,-0.47446592550186345,1.0,-0.4808329164492636,0.011473670562657823,-0.5033208975225504,-0.45834493537597687,1
1.683673469387755,-0.7483143468219203,1.0,-0.7479905665764929,0.011267571490488956,-0.7700746008910815,-0.7259065322619043,1
1.7857142857142856,-0.6744270405410513,1.0,-0.667557967805913,0.011548794440124615,-0.6901931889734136,-0.6449227466384124,1
1.8877551020408163,-0.24126592717941375,1.0,-0.23450290592040804,0.012129924535724132,-0.2582771211456161,-0.2107286906952,1
1.989795918367347,0.4115138948329463,0.3,0.4099331254027615,0.01957141114898585,0.37157386442412355,0.44829238638139945,1
2.0918367346938775,1.0455201744809495,0.2,1.034059736612611,0.02228878519679317,0.9903745203677469,1.0777449528574752,1
2.193877551020408,1.4163655110877333,0.4,1.4044908373383016,0.017301506471971907,1.37058050777495,1.4384011669016532,1
2.295918367346939,1.3700412059766047,1.0,1.371052750950711,0.013512963894767138,1.3445678283925775,1.3975376735088447,1
2.3979591836734695,0.9047100671799199,1.0,0.9155770801135551,0.013947066865091014,0.8882413313680048,0.9429128288591054,1
2.5,0.17331765891751352,1.0,0.14961480455061085,0.02802517781581579,0.094686465371281,0.2045431437299407,1
