rep_id,max_abs_alpha_diff_deploy_vs_curve,max_abs_mu_diff_reconstructed_vs_saved,max_abs_std_diff_reconstructed_vs_saved,max_abs_lower_diff_reconstructed_vs_saved,max_abs_upper_diff_reconstructed_vs_saved,max_abs_selected_est_diff_csv_vs_crossfit,max_abs_selected_est_diff_crossfit_vs_calib_bank,hit_match_all_points
0,0.0,1.1102230246251565e-16,9.71445146547012e-17,2.220446049250313e-16,9.71445146547012e-17,1.1102230246251565e-16,2.220446049250313e-16,True
1,0.0,2.220446049250313e-16,9.71445146547012e-17,1.1102230246251565e-16,1.1102230246251565e-16,1.1102230246251565e-16,1.1102230246251565e-16,True
2,0.0,2.220446049250313e-16,9.8879238130678e-17,2.220446049250313e-16,2.220446049250313e-16,1.1102230246251565e-16,1.1102230246251565e-16,True
3,0.0,2.220446049250313e-16,9.8879238130678e-17,2.220446049250313e-16,2.220446049250313e-16,1.1102230246251565e-16,2.220446049250313e-16,True
4,0.0,2.220446049250313e-16,9.8879238130678e-17,2.220446049250313e-16,2.220446049250313e-16,1.1102230246251565e-16,2.220446049250313e-16,True
5,0.0,2.220446049250313e-16,9.8879238130678e-17,2.220446049250313e-16,1.1102230246251565e-16,1.1102230246251565e-16,2.220446049250313e-16,True
6,0.0,1.1102230246251565e-16,9.71445146547012e-17,2.220446049250313e-16,2.220446049250313e-16,1.1102230246251565e-16,1.1102230246251565e-16,True
7,0.0,2.220446049250313e-16,9.71445146547012e-17,2.220446049250313e-16,2.220446049250313e-16,1.1102230246251565e-16,2.220446049250313e-16,True
8,0.0,2.220446049250313e-16,9.71445146547012e-17,2.220446049250313e-16,2.220446049250313e-16,1.1102230246251565e-16,2.220446049250313e-16,True
9,0.0,1.1102230246251565e-16,9.8879238130678e-17,2.220446049250313e-16,2.220446049250313e-16,1.1102230246251565e-16,2.220446049250313e-16,True
10,0.0,2.220446049250313e-16,9.71445146547012e-17,2.220446049250313e-16,2.220446049250313e-16,1.1102230246251565e-16,2.220446049250313e-16,True
11,0.0,2.220446049250313e-16,9.194034422677078e-17,2.220446049250313e-16,2.220446049250313e-16,1.1102230246251565e-16,2.220446049250313e-16,True
12,0.0,2.220446049250313e-16,9.8879238130678e-17,2.220446049250313e-16,2.220446049250313e-16,1.1102230246251565e-16,2.220446049250313e-16,True
13,0.0,2.220446049250313e-16,9.71445146547012e-17,2.220446049250313e-16,2.220446049250313e-16,1.1102230246251565e-16,2.220446049250313e-16,True
14,0.0,2.220446049250313e-16,9.71445146547012e-17,2.220446049250313e-16,2.220446049250313e-16,1.1102230246251565e-16,2.220446049250313e-16,True
15,0.0,2.220446049250313e-16,9.367506770274758e-17,2.220446049250313e-16,2.220446049250313e-16,1.1102230246251565e-16,2.220446049250313e-16,True
16,0.0,2.220446049250313e-16,9.71445146547012e-17,2.220446049250313e-16,1.1102230246251565e-16,1.1102230246251565e-16,2.220446049250313e-16,True
17,0.0,2.220446049250313e-16,9.71445146547012e-17,2.220446049250313e-16,2.220446049250313e-16,1.1102230246251565e-16,2.220446049250313e-16,True
18,0.0,2.220446049250313e-16,9.540979117872439e-17,2.220446049250313e-16,2.220446049250313e-16,1.1102230246251565e-16,2.220446049250313e-16,True
19,0.0,2.220446049250313e-16,9.367506770274758e-17,2.220446049250313e-16,2.220446049250313e-16,1.1102230246251565e-16,2.220446049250313e-16,True
20,0.0,2.220446049250313e-16,9.8879238130678e-17,2.220446049250313e-16,2.220446049250313e-16,1.1102230246251565e-16,2.220446049250313e-16,True
21,0.0,2.220446049250313e-16,9.8879238130678e-17,2.220446049250313e-16,2.220446049250313e-16,1.1102230246251565e-16,2.220446049250313e-16,True
22,0.0,2.220446049250313e-16,9.194034422677078e-17,2.220446049250313e-16,1.1102230246251565e-16,1.1102230246251565e-16,2.220446049250313e-16,True
23,0.0,2.220446049250313e-16,9.367506770274758e-17,2.220446049250313e-16,2.220446049250313e-16,1.1102230246251565e-16,2.220446049250313e-16,True
24,0.0,2.220446049250313e-16,9.8879238130678e-17,2.220446049250313e-16,2.220446049250313e-16,1.1102230246251565e-16,2.220446049250313e-16,True
25,0.0,2.220446049250313e-16,9.71445146547012e-17,1.1102230246251565e-16,2.220446049250313e-16,1.1102230246251565e-16,2.220446049250313e-16,True
26,0.0,2.220446049250313e-16,9.020562075079397e-17,2.220446049250313e-16,2.220446049250313e-16,1.1102230246251565e-16,2.220446049250313e-16,True
27,0.0,2.220446049250313e-16,9.71445146547012e-17,2.220446049250313e-16,2.220446049250313e-16,1.1102230246251565e-16,2.220446049250313e-16,True
28,0.0,2.220446049250313e-16,9.71445146547012e-17,2.220446049250313e-16,2.220446049250313e-16,1.1102230246251565e-16,2.220446049250313e-16,True
29,0.0,2.220446049250313e-16,9.71445146547012e-17,2.220446049250313e-16,2.220446049250313e-16,1.1102230246251565e-16,2.220446049250313e-16,True
30,0.0,2.220446049250313e-16,8.847089727481716e-17,1.1102230246251565e-16,2.220446049250313e-16,1.1102230246251565e-16,2.220446049250313e-16,True
31,0.0,2.220446049250313e-16,9.71445146547012e-17,2.220446049250313e-16,2.220446049250313e-16,1.1102230246251565e-16,1.1102230246251565e-16,True
32,0.0,2.220446049250313e-16,9.8879238130678e-17,2.220446049250313e-16,2.220446049250313e-16,1.1102230246251565e-16,2.220446049250313e-16,True
33,0.0,2.220446049250313e-16,9.8879238130678e-17,2.220446049250313e-16,2.220446049250313e-16,1.1102230246251565e-16,2.220446049250313e-16,True
34,0.0,2.220446049250313e-16,9.8879238130678e-17,2.220446049250313e-16,2.220446049250313e-16,1.1102230246251565e-16,2.220446049250313e-16,True
35,0.0,1.1102230246251565e-16,9.71445146547012e-17,2.220446049250313e-16,2.220446049250313e-16,1.1102230246251565e-16,2.220446049250313e-16,True
36,0.0,2.220446049250313e-16,9.71445146547012e-17,2.220446049250313e-16,2.220446049250313e-16,1.1102230246251565e-16,2.220446049250313e-16,True
37,0.0,2.220446049250313e-16,9.8879238130678e-17,1.1102230246251565e-16,2.220446049250313e-16,1.1102230246251565e-16,2.220446049250313e-16,True
38,0.0,2.220446049250313e-16,9.71445146547012e-17,2.220446049250313e-16,2.220446049250313e-16,1.1102230246251565e-16,2.220446049250313e-16,True
39,0.0,2.220446049250313e-16,8.847089727481716e-17,2.220446049250313e-16,2.220446049250313e-16,1.1102230246251565e-16,2.220446049250313e-16,True
40,0.0,2.220446049250313e-16,9.71445146547012e-17,2.220446049250313e-16,2.220446049250313e-16,1.1102230246251565e-16,2.220446049250313e-16,True
41,0.0,2.220446049250313e-16,9.194034422677078e-17,9.71445146547012e-17,2.220446049250313e-16,1.1102230246251565e-16,2.220446049250313e-16,True
42,0.0,2.220446049250313e-16,9.71445146547012e-17,2.220446049250313e-16,2.220446049250313e-16,1.1102230246251565e-16,2.220446049250313e-16,True
43,0.0,2.220446049250313e-16,9.71445146547012e-17,2.220446049250313e-16,2.220446049250313e-16,1.1102230246251565e-16,1.1102230246251565e-16,True
44,0.0,2.220446049250313e-16,9.71445146547012e-17,2.220446049250313e-16,2.220446049250313e-16,1.1102230246251565e-16,2.220446049250313e-16,True
45,0.0,2.220446049250313e-16,9.8879238130678e-17,2.220446049250313e-16,2.220446049250313e-16,1.1102230246251565e-16,2.220446049250313e-16,True
46,0.0,2.220446049250313e-16,9.8879238130678e-17,2.220446049250313e-16,2.220446049250313e-16,1.1102230246251565e-16,2.220446049250313e-16,True
47,0.0,8.326672684688674e-17,9.540979117872439e-17,2.220446049250313e-16,2.220446049250313e-16,1.1102230246251565e-16,2.220446049250313e-16,True
48,0.0,2.220446049250313e-16,9.194034422677078e-17,2.220446049250313e-16,2.220446049250313e-16,1.1102230246251565e-16,1.1102230246251565e-16,True
49,0.0,2.220446049250313e-16,9.8879238130678e-17,1.1102230246251565e-16,2.220446049250313e-16,1.1102230246251565e-16,1.1102230246251565e-16,True
50,0.0,2.220446049250313e-16,9.540979117872439e-17,2.220446049250313e-16,2.220446049250313e-16,1.1102230246251565e-16,3.3306690738754696e-16,True
51,0.0,8.326672684688674e-17,9.71445146547012e-17,2.220446049250313e-16,1.1102230246251565e-16,1.1102230246251565e-16,2.220446049250313e-16,True
52,0.0,2.220446049250313e-16,9.8879238130678e-17,2.220446049250313e-16,1.1102230246251565e-16,1.1102230246251565e-16,2.220446049250313e-16,True
53,0.0,2.220446049250313e-16,9.71445146547012e-17,2.220446049250313e-16,2.220446049250313e-16,1.1102230246251565e-16,2.220446049250313e-16,True
54,0.0,2.220446049250313e-16,9.8879238130678e-17,2.220446049250313e-16,2.220446049250313e-16,1.1102230246251565e-16,2.220446049250313e-16,True
55,0.0,2.220446049250313e-16,9.71445146547012e-17,1.1102230246251565e-16,2.220446049250313e-16,1.1102230246251565e-16,2.220446049250313e-16,True
56,0.0,2.220446049250313e-16,9.71445146547012e-17,2.220446049250313e-16,2.220446049250313e-16,1.1102230246251565e-16,2.220446049250313e-16,True
57,0.0,2.220446049250313e-16,9.8879238130678e-17,1.1102230246251565e-16,2.220446049250313e-16,1.1102230246251565e-16,2.220446049250313e-16,True
58,0.0,2.220446049250313e-16,9.8879238130678e-17,2.220446049250313e-16,2.220446049250313e-16,1.1102230246251565e-16,2.220446049250313e-16,True
59,0.0,2.220446049250313e-16,9.8879238130678e-17,2.220446049250313e-16,2.220446049250313e-16,1.1102230246251565e-16,2.220446049250313e-16,True
60,0.0,2.220446049250313e-16,9.8879238130678e-17,2.220446049250313e-16,2.220446049250313e-16,1.1102230246251565e-16,2.220446049250313e-16,True
61,0.0,2.220446049250313e-16,9.71445146547012e-17,1.1102230246251565e-16,2.220446049250313e-16,1.1102230246251565e-16,2.220446049250313e-16,True
62,0.0,2.220446049250313e-16,9.540979117872439e-17,2.220446049250313e-16,2.220446049250313e-16,1.1102230246251565e-16,2.220446049250313e-16,True
63,0.0,2.220446049250313e-16,9.540979117872439e-17,1.1102230246251565e-16,2.220446049250313e-16,1.1102230246251565e-16,2.220446049250313e-16,True
64,0.0,2.220446049250313e-16,9.71445146547012e-17,2.220446049250313e-16,2.220446049250313e-16,1.1102230246251565e-16,2.220446049250313e-16,True
65,0.0,2.220446049250313e-16,9.8879238130678e-17,2.220446049250313e-16,2.220446049250313e-16,1.1102230246251565e-16,1.1102230246251565e-16,True
66,0.0,2.220446049250313e-16,9.8879238130678e-17,2.220446049250313e-16,1.1102230246251565e-16,1.1102230246251565e-16,2.220446049250313e-16,True
67,0.0,2.220446049250313e-16,9.8879238130678e-17,2.220446049250313e-16,2.220446049250313e-16,1.1102230246251565e-16,2.220446049250313e-16,True
68,0.0,1.1102230246251565e-16,9.540979117872439e-17,2.220446049250313e-16,2.220446049250313e-16,1.1102230246251565e-16,2.220446049250313e-16,True
69,0.0,2.220446049250313e-16,9.540979117872439e-17,2.220446049250313e-16,2.220446049250313e-16,1.1102230246251565e-16,2.220446049250313e-16,True
70,0.0,8.326672684688674e-17,9.367506770274758e-17,2.220446049250313e-16,2.220446049250313e-16,1.1102230246251565e-16,2.220446049250313e-16,True
71,0.0,2.220446049250313e-16,9.71445146547012e-17,2.220446049250313e-16,2.220446049250313e-16,1.1102230246251565e-16,2.220446049250313e-16,True
72,0.0,2.220446049250313e-16,9.71445146547012e-17,2.220446049250313e-16,2.220446049250313e-16,1.1102230246251565e-16,2.220446049250313e-16,True
73,0.0,2.220446049250313e-16,9.540979117872439e-17,2.220446049250313e-16,2.220446049250313e-16,1.1102230246251565e-16,2.220446049250313e-16,True
74,0.0,2.220446049250313e-16,9.8879238130678e-17,1.1102230246251565e-16,2.220446049250313e-16,1.1102230246251565e-16,2.220446049250313e-16,True
75,0.0,2.220446049250313e-16,9.540979117872439e-17,2.220446049250313e-16,2.220446049250313e-16,1.1102230246251565e-16,2.220446049250313e-16,True
76,0.0,2.220446049250313e-16,9.71445146547012e-17,2.220446049250313e-16,2.220446049250313e-16,1.1102230246251565e-16,2.220446049250313e-16,True
77,0.0,2.220446049250313e-16,9.71445146547012e-17,2.220446049250313e-16,2.220446049250313e-16,1.1102230246251565e-16,2.220446049250313e-16,True
78,0.0,2.220446049250313e-16,9.367506770274758e-17,2.220446049250313e-16,2.220446049250313e-16,1.1102230246251565e-16,2.220446049250313e-16,True
79,0.0,2.220446049250313e-16,9.8879238130678e-17,2.220446049250313e-16,1.1102230246251565e-16,1.1102230246251565e-16,2.220446049250313e-16,True
80,0.0,2.220446049250313e-16,9.71445146547012e-17,2.220446049250313e-16,2.220446049250313e-16,1.1102230246251565e-16,3.3306690738754696e-16,True
81,0.0,2.220446049250313e-16,9.71445146547012e-17,2.220446049250313e-16,1.1102230246251565e-16,1.1102230246251565e-16,2.220446049250313e-16,True
82,0.0,2.220446049250313e-16,9.71445146547012e-17,2.220446049250313e-16,2.220446049250313e-16,1.1102230246251565e-16,2.220446049250313e-16,True
83,0.0,1.1102230246251565e-16,9.8879238130678e-17,2.220446049250313e-16,2.220446049250313e-16,1.1102230246251565e-16,1.1102230246251565e-16,True
84,0.0,2.220446049250313e-16,9.71445146547012e-17,2.220446049250313e-16,2.220446049250313e-16,1.1102230246251565e-16,2.220446049250313e-16,True
85,0.0,2.220446049250313e-16,9.8879238130678e-17,2.220446049250313e-16,2.220446049250313e-16,1.1102230246251565e-16,2.220446049250313e-16,True
86,0.0,2.220446049250313e-16,9.71445146547012e-17,2.220446049250313e-16,2.220446049250313e-16,1.1102230246251565e-16,2.220446049250313e-16,True
87,0.0,2.220446049250313e-16,9.8879238130678e-17,5.551115123125783e-17,2.220446049250313e-16,1.1102230246251565e-16,2.220446049250313e-16,True
88,0.0,1.1102230246251565e-16,9.71445146547012e-17,2.220446049250313e-16,2.220446049250313e-16,1.1102230246251565e-16,2.220446049250313e-16,True
89,0.0,2.220446049250313e-16,9.540979117872439e-17,2.220446049250313e-16,2.220446049250313e-16,1.1102230246251565e-16,2.220446049250313e-16,True
90,0.0,2.220446049250313e-16,9.8879238130678e-17,2.220446049250313e-16,2.220446049250313e-16,1.1102230246251565e-16,2.220446049250313e-16,True
91,0.0,2.220446049250313e-16,9.71445146547012e-17,2.220446049250313e-16,2.220446049250313e-16,1.1102230246251565e-16,2.220446049250313e-16,True
92,0.0,2.220446049250313e-16,9.71445146547012e-17,2.220446049250313e-16,2.220446049250313e-16,1.1102230246251565e-16,2.220446049250313e-16,True
93,0.0,2.220446049250313e-16,9.8879238130678e-17,2.220446049250313e-16,2.220446049250313e-16,1.1102230246251565e-16,3.3306690738754696e-16,True
94,0.0,2.220446049250313e-16,9.8879238130678e-17,2.220446049250313e-16,2.220446049250313e-16,1.1102230246251565e-16,2.220446049250313e-16,True
95,0.0,2.220446049250313e-16,9.71445146547012e-17,2.220446049250313e-16,2.220446049250313e-16,1.1102230246251565e-16,2.220446049250313e-16,True
96,0.0,1.1102230246251565e-16,9.367506770274758e-17,2.220446049250313e-16,2.220446049250313e-16,1.1102230246251565e-16,2.220446049250313e-16,True
97,0.0,2.220446049250313e-16,9.8879238130678e-17,2.220446049250313e-16,2.220446049250313e-16,1.1102230246251565e-16,2.220446049250313e-16,True
98,0.0,2.220446049250313e-16,9.71445146547012e-17,2.220446049250313e-16,2.220446049250313e-16,1.1102230246251565e-16,2.220446049250313e-16,True
99,0.0,2.220446049250313e-16,9.540979117872439e-17,2.220446049250313e-16,2.220446049250313e-16,1.1102230246251565e-16,2.220446049250313e-16,True
