x,true_f,selected_estimated_coverage,selected_calib_pseudo_hit_share,selected_calib_true_hit_share,selected_actual_deploy_coverage,selected_calib_true_minus_estimated,selected_deploy_minus_calib_true,selected_deploy_minus_estimated,selected_directional_estimated_sd,selected_directional_calib_true_sd,alpha_star_mean,alpha_star_sd,nominal,gap_to_nominal
-2.5,0.1733176589175123,0.95377,0.9537699999999998,0.9722999999999996,0.99,0.018529999999999602,0.017700000000000382,0.036229999999999984,0.06936784097830498,0.03228695588305127,0.308,0.1522093189252116,0.95,-0.040000000000000036
-2.397959183673469,-0.2915109938025119,0.9700999999999993,0.9700999999999993,0.9634299999999999,1.0,-0.006669999999999399,0.0365700000000001,0.029900000000000704,0.045543763393748125,0.04674500612265029,0.907,0.2366666666666668,0.95,-0.050000000000000044
-2.295918367346939,-0.5472945000967161,0.9585399999999998,0.9585399999999997,0.9520099999999994,0.93,-0.00653000000000048,-0.022009999999999308,-0.028539999999999788,0.05037371937025068,0.038899412985860284,0.7789999999999996,0.23582864863105912,0.95,0.019999999999999907
-2.193877551020408,-0.4605713330117863,0.9601700000000004,0.9601700000000004,0.9271700000000006,0.92,-0.03299999999999981,-0.007170000000000565,-0.04017000000000037,0.04703151202015473,0.05312728525996274,0.5429999999999999,0.19082754391112283,0.95,0.029999999999999916
-2.091836734693877,-0.0455496279401461,0.9793999999999993,0.9793999999999993,0.9818199999999995,1.0,0.0024200000000001998,0.01818000000000053,0.02060000000000073,0.03283177436850919,0.02442285891910791,0.9590000000000001,0.13565776904781507,0.95,-0.050000000000000044
-1.989795918367347,0.5396543347943726,0.9880399999999996,0.9880399999999996,0.9739699999999992,0.96,-0.01407000000000036,-0.01396999999999926,-0.02803999999999962,0.020141059385580286,0.026291687477746045,0.9960000000000001,0.031526804372460505,0.95,-0.010000000000000009
-1.8877551020408163,1.0551908634361649,0.9601899999999998,0.9601899999999998,0.9179599999999998,0.93,-0.04222999999999999,0.012040000000000273,-0.030189999999999717,0.047298605601697234,0.05494145966002101,0.7339999999999998,0.2189137554454547,0.95,0.019999999999999907
-1.7857142857142856,1.2754287838225962,0.9663499999999994,0.9663499999999994,0.9690499999999996,0.97,0.0027000000000002577,0.0009500000000003395,0.003650000000000597,0.043074867784811975,0.029811962801723216,0.885,0.21990585680828484,0.95,-0.020000000000000018
-1.683673469387755,1.080510899209705,0.9955699999999998,0.9955699999999998,0.99843,1.0,0.0028600000000001957,0.0015699999999999603,0.004430000000000156,0.00972125175303861,0.003576084664670463,0.9990000000000001,0.009999999999999985,0.95,-0.050000000000000044
-1.5816326530612246,0.5069691785060113,0.9786099999999996,0.9786099999999996,0.94888,0.92,-0.0297299999999997,-0.028879999999999906,-0.05860999999999961,0.034158499009303435,0.03976422747495916,0.963,0.10792346708420152,0.95,0.029999999999999916
-1.479591836734694,-0.2629832842487771,0.9584599999999993,0.9584599999999993,0.9583499999999997,0.97,-0.00010999999999961041,0.011650000000000271,0.01154000000000066,0.04765140597135502,0.03368153234442223,0.7120000000000001,0.19346912681433973,0.95,-0.020000000000000018
-1.3775510204081631,-0.9695840625665644,0.9619899999999996,0.9619899999999996,0.9834199999999992,1.0,0.021429999999999616,0.016580000000000816,0.03801000000000043,0.04275829896879795,0.017478216956972496,0.9150000000000001,0.1591486186816676,0.95,-0.050000000000000044
-1.2755102040816326,-1.374410932157454,0.9869199999999995,0.9869199999999994,0.9819599999999997,0.94,-0.004959999999999742,-0.041959999999999775,-0.04691999999999952,0.02274608714347121,0.016277790225979222,0.993,0.03554766326548566,0.95,0.010000000000000009
-1.173469387755102,-1.3511509742303678,0.9812499999999997,0.9812499999999996,0.9844099999999996,0.94,0.0031599999999998296,-0.044409999999999616,-0.04124999999999979,0.03539721959729824,0.016093822989562093,0.9730000000000001,0.08744984132332512,0.95,0.010000000000000009
-1.0714285714285714,-0.9325632504889808,0.9774999999999997,0.9774999999999997,0.99273,1.0,0.015230000000000299,0.007269999999999999,0.022500000000000298,0.03469699768439613,0.01015763682122252,0.9570000000000001,0.11997895438346466,0.95,-0.050000000000000044
-0.9693877551020408,-0.2952807950957102,0.9819299999999994,0.9819299999999994,0.9934099999999998,0.98,0.011480000000000379,-0.013409999999999811,-0.0019299999999994322,0.026132227169461012,0.008960757739409448,0.995,0.02611164839335465,0.95,-0.030000000000000027
-0.8673469387755102,0.311308491168385,0.9768499999999999,0.9768499999999999,0.9826999999999997,0.94,0.0058499999999998,-0.04269999999999974,-0.03684999999999994,0.040339396571565385,0.015516979918388692,0.963,0.10603506185896398,0.95,0.010000000000000009
-0.7653061224489796,0.6637657204454745,0.9740799999999992,0.9740799999999992,0.9908100000000001,0.95,0.01673000000000091,-0.040810000000000124,-0.024079999999999213,0.04383276651151041,0.010412501394630284,0.915,0.1635311109312973,0.95,0.0
-0.6632653061224489,0.6517193693582644,0.9864399999999993,0.9864399999999993,0.9974699999999999,1.0,0.01103000000000054,0.0025300000000001432,0.013560000000000683,0.023238161028960626,0.0051949172584518245,0.982,0.09468715100612415,0.95,-0.050000000000000044
-0.5612244897959183,0.3189482069057464,0.9966700000000001,0.9966700000000001,0.99885,1.0,0.0021799999999999597,0.0011499999999999844,0.003329999999999944,0.007239124543617415,0.0027512546193380473,1.0,0.0,0.95,-0.050000000000000044
-0.4591836734693877,-0.1576321841759603,0.9969399999999997,0.9969399999999997,0.9974699999999994,1.0,0.0005299999999996974,0.0025300000000005873,0.0030600000000002847,0.006491978505664527,0.0046835379731450565,1.0,0.0,0.95,-0.050000000000000044
-0.3571428571428571,-0.5423961844907106,0.9921999999999997,0.9921999999999997,0.9973499999999994,1.0,0.005149999999999655,0.0026500000000005963,0.007800000000000251,0.014114859227488006,0.004907064683214736,0.998,0.014070529413628977,0.95,-0.050000000000000044
-0.2551020408163265,-0.6389010549420908,0.9943900000000001,0.9943900000000001,0.9980699999999999,1.0,0.0036799999999997945,0.0019300000000000983,0.005609999999999893,0.00994351878424423,0.004288668748146218,0.998,0.019999999999999945,0.95,-0.050000000000000044
-0.1530612244897958,-0.3719649518252275,0.9969599999999994,0.9969599999999994,0.9990299999999999,1.0,0.0020700000000004604,0.0009700000000001374,0.0030400000000005978,0.007860723251146277,0.002449510570525561,0.9990000000000001,0.009999999999999981,0.95,-0.050000000000000044
-0.0510204081632652,0.1790462730010161,0.9942399999999998,0.9942399999999998,0.9987299999999997,1.0,0.004489999999999883,0.0012700000000003264,0.005760000000000209,0.013732234162351933,0.0029338493304621577,0.99,0.06435381994422813,0.95,-0.050000000000000044
0.0510204081632652,0.8092627090482569,0.9830399999999996,0.9830399999999996,0.9955399999999993,1.0,0.012499999999999734,0.004460000000000686,0.01696000000000042,0.02743253670797903,0.007069682714553809,0.983,0.07393007889659362,0.95,-0.050000000000000044
0.1530612244897958,1.2683795573686838,0.9810299999999996,0.9810299999999996,0.9931399999999997,1.0,0.012110000000000065,0.00686000000000031,0.018970000000000375,0.030207397494631215,0.009313263005521608,0.9810000000000001,0.07063206700139033,0.95,-0.050000000000000044
0.2551020408163265,1.360071377459285,0.9952899999999997,0.9952899999999997,0.9988099999999999,1.0,0.0035200000000001896,0.0011900000000001354,0.004710000000000325,0.010636239165240605,0.002842411245824138,1.0,0.0,0.95,-0.050000000000000044
0.3571428571428571,1.0212667804453497,0.9992699999999998,0.9992699999999998,0.9994499999999996,1.0,0.00017999999999984695,0.0005500000000003835,0.0007300000000002305,0.0019182977112209981,0.0014607886106958428,1.0,0.0,0.95,-0.050000000000000044
0.4591836734693877,0.3496769836430552,0.9941500000000001,0.9941500000000001,0.9966699999999998,1.0,0.0025199999999997447,0.003330000000000166,0.005849999999999911,0.010095625498132888,0.005815535544965853,1.0,0.0,0.95,-0.050000000000000044
0.5612244897959183,-0.4315858028530012,0.9829199999999999,0.9829199999999999,0.9885399999999991,1.0,0.005619999999999181,0.011460000000000914,0.017080000000000095,0.02273548661741977,0.013265694511739874,0.9930000000000001,0.043239992711573944,0.95,-0.050000000000000044
0.6632653061224489,-1.0585661566524274,0.9856999999999995,0.9856999999999995,0.9888499999999995,1.0,0.003149999999999986,0.011150000000000548,0.014300000000000535,0.018161641967094744,0.013314629279365425,0.9939999999999999,0.04454030067072275,0.95,-0.050000000000000044
0.7653061224489796,-1.326992505452922,0.9934499999999996,0.9934499999999996,0.9956899999999999,1.0,0.002240000000000242,0.004310000000000147,0.006550000000000389,0.01043260531906256,0.0069289954846705705,0.998,0.019999999999999976,0.95,-0.050000000000000044
0.8673469387755102,-1.169247502982247,0.9949399999999997,0.9949399999999997,0.9975099999999995,1.0,0.002569999999999739,0.0024900000000005473,0.0050600000000002865,0.009424244009366419,0.004796470393436091,1.0,0.0,0.95,-0.050000000000000044
0.9693877551020408,-0.6775980524984555,0.9878899999999997,0.9878899999999997,0.9933,1.0,0.005410000000000248,0.006700000000000039,0.012110000000000287,0.01904089452347276,0.009198930934202482,0.988,0.06708956775095579,0.95,-0.050000000000000044
1.0714285714285714,-0.0647957722538648,0.9802899999999997,0.9802899999999997,0.9891999999999997,0.98,0.008910000000000085,-0.009199999999999764,-0.0002899999999996794,0.029594923224145035,0.012837851222842993,0.975,0.10384039812533594,0.95,-0.030000000000000027
1.173469387755102,0.4220476385156321,0.9720800000000003,0.9720800000000003,0.9874200000000001,0.97,0.015339999999999798,-0.017420000000000102,-0.002080000000000304,0.0382386149443008,0.01549359218451151,0.958,0.13346962730951736,0.95,-0.020000000000000018
1.2755102040816326,0.5999526346714462,0.9696199999999996,0.9696199999999995,0.9800699999999992,1.0,0.010449999999999626,0.01993000000000078,0.030380000000000407,0.03787491289898209,0.0238878149345065,0.9530000000000001,0.13443108707332962,0.95,-0.050000000000000044
1.3775510204081631,0.4217810386404098,0.9832999999999995,0.9832999999999995,0.9817000000000001,1.0,-0.0015999999999993797,0.018299999999999872,0.016700000000000492,0.02571851728759113,0.021640153388763617,0.9859999999999998,0.06033576087532215,0.95,-0.050000000000000044
1.479591836734694,-0.0072289608797654,0.9982499999999997,0.9982499999999997,0.9970700000000002,1.0,-0.0011799999999995148,0.002929999999999766,0.0017500000000002514,0.003929720899434391,0.005403629646183393,1.0,0.0,0.95,-0.050000000000000044
1.5816326530612246,-0.4744659255018634,0.9951199999999991,0.9951199999999991,0.9975499999999997,1.0,0.0024300000000005983,0.0024500000000002853,0.004880000000000884,0.009121323540581164,0.004779093306566059,1.0,0.0,0.95,-0.050000000000000044
1.683673469387755,-0.7483143468219203,0.9852299999999998,0.9852299999999997,0.9870099999999996,1.0,0.0017799999999997818,0.01299000000000039,0.014770000000000172,0.02183316900082848,0.01579703927634127,0.992,0.052570299253821715,0.95,-0.050000000000000044
1.7857142857142856,-0.6744270405410513,0.9921899999999995,0.9921899999999995,0.9864299999999991,1.0,-0.00576000000000032,0.01357000000000086,0.007810000000000539,0.015740470528752427,0.01633495347889899,0.997,0.02227015033536138,0.95,-0.050000000000000044
1.8877551020408163,-0.2412659271794137,0.9920499999999999,0.9920499999999999,0.9958299999999994,0.99,0.0037799999999995615,-0.005829999999999447,-0.0020499999999998852,0.017535010531472873,0.0068066746166677225,0.9990000000000001,0.009999999999999981,0.95,-0.040000000000000036
1.989795918367347,0.4115138948329463,0.9593999999999997,0.9593999999999996,0.9739799999999993,0.99,0.014579999999999593,0.0160200000000007,0.030600000000000294,0.04739435305581244,0.027701822531695123,0.8390000000000002,0.1927446628327359,0.95,-0.040000000000000036
2.091836734693877,1.0455201744809497,0.9571099999999996,0.9571099999999996,0.9339300000000003,0.97,-0.023179999999999312,0.03606999999999971,0.012890000000000401,0.04665434725953558,0.05184057414932802,0.7020000000000001,0.19795928568238155,0.95,-0.020000000000000018
2.193877551020408,1.4163655110877331,0.9786999999999995,0.9786999999999993,0.9658099999999996,0.98,-0.012889999999999846,0.014190000000000369,0.001300000000000523,0.03138669248463184,0.030390303253084817,0.9750000000000001,0.09142530206997324,0.95,-0.030000000000000027
2.295918367346939,1.3700412059766047,0.9812499999999996,0.9812499999999996,0.9892799999999995,0.99,0.00802999999999987,0.000720000000000498,0.008750000000000369,0.028638453712961386,0.014388881468565838,0.9750000000000001,0.12091820425896234,0.95,-0.040000000000000036
2.397959183673469,0.90471006717992,0.9933599999999998,0.9933599999999998,0.9886299999999996,0.99,-0.004730000000000234,0.0013700000000004264,-0.0033599999999998076,0.015099522102356797,0.016526297489703273,0.9919999999999999,0.046449712136629635,0.95,-0.040000000000000036
2.5,0.1733176589175135,0.9674599999999994,0.9674599999999994,0.9597299999999997,0.97,-0.007729999999999682,0.010270000000000223,0.002540000000000542,0.05196383966485052,0.042611920193935955,0.8269999999999998,0.2901949884355885,0.95,-0.020000000000000018
