x,true_f,alpha,selected_actual_deploy_coverage,selected_estimated_coverage,estimated_coverage_mean,calibration_pseudo_hit_mean,calibration_true_hit_mean,final_deployed_coverage_mean,pseudo_target_bias,deploy_transfer_gap,total_gap,mean_abs_calib_pseudo_z,mean_abs_calib_true_z,mean_abs_calib_true_minus_pseudo_z,direction_estimated_sd,direction_calib_true_sd,estimated_abs_error_to_nominal,calib_true_abs_error_to_nominal,deploy_abs_error_to_nominal
-2.295918367346939,-0.5472945000967161,0.1,0.93,0.9585399999999998,0.9997599999999999,0.9997599999999999,0.9998299999999998,1.0,6.999999999990347e-05,0.00017000000000022553,0.000240000000000129,0.293912308395974,0.2863171217894857,-0.00759518660648828,0.0017162008464469856,0.0013685660279916991,0.049759999999999915,0.04982999999999982,0.050000000000000044
-2.295918367346939,-0.5472945000967161,0.2,0.93,0.9585399999999998,0.9967199999999998,0.9967199999999998,0.99773,1.0,0.0010100000000001774,0.0022699999999999942,0.0032800000000001717,0.3984510901728912,0.38785659202006106,-0.010594498152830145,0.026652428631401524,0.00617942434902195,0.04671999999999987,0.04773000000000005,0.050000000000000044
-2.295918367346939,-0.5472945000967161,0.3,0.93,0.9585399999999998,0.9904399999999999,0.9904399999999999,0.99249,0.99,0.0020500000000001073,-0.0024899999999999922,-0.00043999999999988493,0.47659050205676934,0.46366387618823035,-0.012926625868538988,0.04566718616131162,0.012339049888551076,0.04043999999999992,0.04249000000000003,0.040000000000000036
-2.295918367346939,-0.5472945000967161,0.4,0.93,0.9585399999999998,0.98221,0.98221,0.9855399999999996,0.98,0.003329999999999611,-0.005539999999999656,-0.0022100000000000453,0.5418593494769401,0.5269120877498968,-0.014947261727043304,0.06234021336346389,0.019043924781175527,0.03221000000000007,0.03553999999999968,0.030000000000000027
-2.295918367346939,-0.5472945000967161,0.5,0.93,0.9585399999999998,0.9726700000000001,0.9726700000000001,0.9769199999999995,0.98,0.00424999999999931,0.0030800000000005268,0.007329999999999837,0.5991592141579671,0.5823836216548853,-0.016775592503081804,0.07855152093652573,0.026589859356916892,0.02267000000000019,0.0269199999999995,0.030000000000000027
-2.295918367346939,-0.5472945000967161,0.6,0.93,0.9585399999999998,0.9627799999999996,0.9627799999999996,0.96821,0.96,0.005430000000000379,-0.00821000000000005,-0.0027799999999996716,0.6503857486283926,0.6319796483955802,-0.018406100232812417,0.09126555210483855,0.03290560254240421,0.01277999999999968,0.01821000000000006,0.010000000000000009
-2.295918367346939,-0.5472945000967161,0.7,0.93,0.9585399999999998,0.9529999999999997,0.9529999999999997,0.9591099999999991,0.94,0.006109999999999394,-0.019109999999999183,-0.01299999999999979,0.6967302908264389,0.6769369232267114,-0.019793367599727496,0.10070522102424252,0.038691147629721506,0.0029999999999997806,0.009109999999999174,0.010000000000000009
-2.295918367346939,-0.5472945000967161,0.8,0.93,0.9585399999999998,0.9427400000000001,0.94274,0.95,0.94,0.007259999999999822,-0.010000000000000009,-0.0027400000000001867,0.7390390511918008,0.7180153322236016,-0.021023718968199212,0.11122438250340283,0.04498025370341104,0.007259999999999822,0.0,0.010000000000000009
-2.295918367346939,-0.5472945000967161,0.9,0.93,0.9585399999999998,0.9321299999999999,0.9321299999999999,0.9399200000000002,0.93,0.007790000000000297,-0.009920000000000151,-0.0021299999999998542,0.7782292538559938,0.7561231830095859,-0.02210607084640792,0.12022985618521848,0.05049300093223953,0.017870000000000053,0.010079999999999756,0.019999999999999907
-2.295918367346939,-0.5472945000967161,1.0,0.93,0.9585399999999998,0.9220500000000003,0.9220500000000003,0.93024,0.92,0.008189999999999698,-0.010239999999999916,-0.0020500000000002183,0.8153693279259103,0.7922404439046886,-0.023128884021221707,0.12743679860086582,0.056799371198707545,0.027949999999999697,0.01976,0.029999999999999916
-2.193877551020408,-0.4605713330117863,0.1,0.92,0.9601700000000004,0.99894,0.99894,0.9986799999999998,1.0,-0.00026000000000026,0.00132000000000021,0.0010599999999999499,0.3030659733934987,0.39503759263316984,0.09197161923967112,0.008181891183787727,0.004367685505697121,0.048940000000000095,0.048679999999999835,0.050000000000000044
-2.193877551020408,-0.4605713330117863,0.2,0.92,0.9601700000000004,0.9910199999999998,0.9910199999999998,0.9895899999999994,0.98,-0.0014300000000003754,-0.009589999999999432,-0.011019999999999808,0.41666731781747357,0.5425878668106817,0.12592054899320815,0.051940903510214936,0.015823472510238783,0.041019999999999834,0.03958999999999946,0.030000000000000027
-2.193877551020408,-0.4605713330117863,0.3,0.92,0.9601700000000004,0.97909,0.97909,0.9734499999999996,0.96,-0.0056400000000004225,-0.013449999999999629,-0.01909000000000005,0.5026655102479436,0.6542151600031333,0.1515496497551897,0.0727747763175406,0.030488145680362833,0.02909000000000006,0.023449999999999638,0.010000000000000009
-2.193877551020408,-0.4605713330117863,0.4,0.92,0.9601700000000004,0.9643799999999998,0.9643799999999998,0.9549499999999997,0.94,-0.00943000000000005,-0.014949999999999797,-0.024379999999999846,0.5745456199418072,0.7475262683581035,0.17298064841629635,0.0941322286811296,0.044021988090446745,0.014379999999999837,0.004949999999999788,0.010000000000000009
-2.193877551020408,-0.4605713330117863,0.5,0.92,0.9601700000000004,0.9494499999999994,0.9494499999999994,0.93477,0.92,-0.01467999999999936,-0.01476999999999995,-0.02944999999999931,0.6374548933325666,0.8291900847425745,0.19173519141000794,0.11203012205763345,0.05712276350204102,0.0005500000000006056,0.015229999999999966,0.029999999999999916
-2.193877551020408,-0.4605713330117863,0.6,0.92,0.9601700000000004,0.9348600000000004,0.9348600000000004,0.9153300000000005,0.91,-0.019529999999999825,-0.005330000000000501,-0.024860000000000326,0.6937456092120713,0.9022562370328601,0.20851062782078877,0.1254987264091964,0.06848782141141357,0.015139999999999598,0.034669999999999424,0.039999999999999925
-2.193877551020408,-0.4605713330117863,0.7,0.92,0.9601700000000004,0.9214199999999998,0.9214199999999998,0.8971500000000003,0.91,-0.02426999999999946,0.012849999999999695,-0.011419999999999764,0.7447004361892824,0.9685154233239754,0.22381498713469306,0.13711960248405544,0.07922407433320981,0.02858000000000016,0.05284999999999962,0.039999999999999925
-2.193877551020408,-0.4605713330117863,0.8,0.92,0.9601700000000004,0.90868,0.9086800000000003,0.8794700000000003,0.89,-0.029209999999999736,0.010529999999999706,-0.01868000000000003,0.7912907020171415,1.0290739369935642,0.23778323497642273,0.1475514453640798,0.08917157994939122,0.04131999999999991,0.07052999999999965,0.05999999999999994
-2.193877551020408,-0.4605713330117863,0.9,0.92,0.9601700000000004,0.8965200000000003,0.8965200000000003,0.8630999999999998,0.89,-0.03342000000000056,0.026900000000000257,-0.006520000000000303,0.8345118984781102,1.085182878167365,0.25067097968925467,0.15464282719869032,0.09692669799794473,0.05347999999999964,0.0869000000000002,0.05999999999999994
-2.193877551020408,-0.4605713330117863,1.0,0.92,0.9601700000000004,0.8842600000000003,0.8842600000000002,0.8476599999999996,0.88,-0.03660000000000063,0.03234000000000037,-0.004260000000000264,0.8750800305204869,1.1379053192610156,0.2628252887405287,0.1623021700236765,0.10389763769749108,0.06573999999999969,0.10234000000000032,0.06999999999999995
-1.8877551020408163,1.0551908634361649,0.1,0.93,0.9601899999999998,1.0,1.0,0.9999600000000001,1.0,-3.999999999992898e-05,3.999999999992898e-05,0.0,0.2840404781405307,0.36258291922970465,0.07854244108917396,0.0,0.0006315051850925686,0.050000000000000044,0.049960000000000115,0.050000000000000044
-1.8877551020408163,1.0551908634361649,0.2,0.93,0.9601899999999998,0.9989999999999998,0.9989999999999998,0.9974899999999997,0.98,-0.0015100000000001224,-0.017489999999999672,-0.018999999999999795,0.39123459248620224,0.498858156307397,0.10762356382119476,0.005516378379918338,0.005935919064065411,0.04899999999999982,0.0474899999999997,0.030000000000000027
-1.8877551020408163,1.0551908634361649,0.3,0.93,0.9601899999999998,0.9937999999999998,0.9937999999999998,0.9888999999999999,0.97,-0.004899999999999904,-0.018899999999999917,-0.02379999999999982,0.47191449405862784,0.6012360422446242,0.1293215481859964,0.03257946318497929,0.01500717212586087,0.04379999999999984,0.038899999999999935,0.020000000000000018
-1.8877551020408163,1.0551908634361649,0.4,0.93,0.9601899999999998,0.9853299999999996,0.9853299999999996,0.9744799999999997,0.97,-0.010849999999999915,-0.0044799999999997064,-0.015329999999999622,0.5389329188868748,0.686017362233173,0.14708444334629822,0.05882985680801928,0.026172783852976257,0.03532999999999964,0.024479999999999724,0.020000000000000018
-1.8877551020408163,1.0551908634361649,0.5,0.93,0.9601899999999998,0.9746899999999996,0.9746899999999996,0.9585099999999998,0.95,-0.01617999999999986,-0.008509999999999796,-0.024689999999999657,0.5971981083339433,0.7596785636605738,0.16248045532663058,0.07505956193475845,0.03723797210599103,0.024689999999999657,0.008509999999999796,0.0
-1.8877551020408163,1.0551908634361649,0.6,0.93,0.9601899999999998,0.9619699999999999,0.9619699999999999,0.9402700000000004,0.95,-0.021699999999999497,0.009729999999999572,-0.011969999999999925,0.6482563693058873,0.8244821558140086,0.17622578650812137,0.08796907216549267,0.04816375034034254,0.011969999999999925,0.009729999999999572,0.0
-1.8877551020408163,1.0551908634361649,0.7,0.93,0.9601899999999998,0.9488299999999998,0.94883,0.92266,0.93,-0.026169999999999805,0.007340000000000013,-0.01882999999999979,0.6933391145743807,0.8819222828817402,0.18858316830735955,0.10087272379789497,0.05813522257723026,0.0011700000000001154,0.02733999999999992,0.019999999999999907
-1.8877551020408163,1.0551908634361649,0.8,0.93,0.9601899999999998,0.9365300000000001,0.9365300000000001,0.9049800000000002,0.91,-0.031549999999999856,0.005019999999999802,-0.026530000000000054,0.733686555588299,0.9334398812046272,0.1997533256163282,0.11403448146487519,0.0675037506836202,0.013469999999999871,0.04501999999999973,0.039999999999999925
-1.8877551020408163,1.0551908634361649,0.9,0.93,0.9601899999999998,0.9244999999999997,0.9244999999999997,0.88914,0.91,-0.035359999999999614,0.02085999999999999,-0.014499999999999624,0.7704534282532493,0.9803369950540421,0.2098835668007929,0.12530143834150687,0.07503259485243922,0.0255000000000003,0.060859999999999914,0.039999999999999925
-1.8877551020408163,1.0551908634361649,1.0,0.93,0.9601899999999998,0.9132899999999995,0.9132899999999995,0.87382,0.89,-0.03946999999999945,0.016179999999999972,-0.023289999999999478,0.8049450097769875,1.0243392816860697,0.21939427190908223,0.13504337307921707,0.0816607376655151,0.036710000000000464,0.07617999999999991,0.05999999999999994
-1.5816326530612246,0.5069691785060113,0.1,0.92,0.9786099999999996,1.0,1.0,1.0,1.0,0.0,0.0,0.0,0.2248920579217733,0.2975885376484173,0.072696479726644,0.0,0.0,0.050000000000000044,0.050000000000000044,0.050000000000000044
-1.5816326530612246,0.5069691785060113,0.2,0.92,0.9786099999999996,0.9999899999999999,0.9999899999999999,0.99996,1.0,-2.999999999997449e-05,4.0000000000040004e-05,1.0000000000065512e-05,0.3102471756739218,0.41017793923971224,0.09993076356579045,0.0003162277660168382,0.0006315051850925686,0.04998999999999998,0.049960000000000004,0.050000000000000044
-1.5816326530612246,0.5069691785060113,0.3,0.92,0.9786099999999996,0.9997499999999999,0.9997499999999999,0.9992999999999996,1.0,-0.0004500000000002835,0.000700000000000367,0.0002500000000000835,0.3742121468204114,0.49434806709960494,0.12013592027919356,0.002059548917054836,0.0027418091686909085,0.04974999999999996,0.04929999999999968,0.050000000000000044
-1.5816326530612246,0.5069691785060113,0.4,0.92,0.9786099999999996,0.99857,0.99857,0.9969299999999999,0.98,-0.0016400000000000858,-0.01692999999999989,-0.018569999999999975,0.42717636730835234,0.563757167697038,0.13658080038868564,0.01290820365975536,0.006627142598361613,0.04857,0.046929999999999916,0.030000000000000027
-1.5816326530612246,0.5069691785060113,0.5,0.92,0.9786099999999996,0.9967199999999999,0.9967199999999999,0.9920899999999995,0.97,-0.004630000000000467,-0.0220899999999995,-0.026719999999999966,0.47296920616107624,0.6237335099980376,0.15076430383696132,0.023900058845383893,0.011877414406047013,0.046719999999999984,0.04208999999999952,0.020000000000000018
-1.5816326530612246,0.5069691785060113,0.6,0.92,0.9786099999999996,0.9936399999999996,0.9936399999999996,0.9851299999999994,0.97,-0.00851000000000024,-0.015129999999999422,-0.02363999999999966,0.5126879346549948,0.675900931213429,0.16321299655843413,0.03455349974089953,0.017728434713685175,0.04363999999999968,0.03512999999999944,0.020000000000000018
-1.5816326530612246,0.5069691785060113,0.7,0.92,0.9786099999999996,0.9897800000000002,0.9897800000000002,0.9762299999999992,0.96,-0.013550000000001061,-0.01622999999999919,-0.02978000000000025,0.5470766003229899,0.7214262684162335,0.1743496680932436,0.04310695778885133,0.024345015501736282,0.03978000000000026,0.0262299999999992,0.010000000000000009
-1.5816326530612246,0.5069691785060113,0.8,0.92,0.9786099999999996,0.9849299999999999,0.9849299999999999,0.9658299999999999,0.95,-0.019100000000000006,-0.0158299999999999,-0.034929999999999906,0.5773063242445708,0.7614731778019109,0.18416685355734008,0.05235394957437343,0.031171826747606286,0.034929999999999906,0.0158299999999999,0.0
-1.5816326530612246,0.5069691785060113,0.9,0.92,0.9786099999999996,0.9798300000000002,0.9798300000000002,0.9556299999999998,0.93,-0.024200000000000443,-0.02562999999999971,-0.04983000000000015,0.6043999793132643,0.7973768797794332,0.1929769004661689,0.05993883352021262,0.03740591266500928,0.029830000000000245,0.005629999999999802,0.019999999999999907
-1.5816326530612246,0.5069691785060113,1.0,0.92,0.9786099999999996,0.9740099999999998,0.9740099999999998,0.9447899999999998,0.92,-0.029220000000000024,-0.024789999999999757,-0.05400999999999978,0.6301029875013839,0.8312511375013717,0.20114814999998776,0.06720518161895285,0.04359881600177642,0.024009999999999865,0.005210000000000159,0.029999999999999916
-1.2755102040816326,-1.374410932157454,0.1,0.94,0.9869199999999995,1.0,1.0,1.0,1.0,0.0,0.0,0.0,0.1861168722053757,0.23323935607797103,0.04712248387259532,0.0,0.0,0.050000000000000044,0.050000000000000044,0.050000000000000044
-1.2755102040816326,-1.374410932157454,0.2,0.94,0.9869199999999995,0.9999799999999999,0.9999799999999999,0.9999399999999998,1.0,-4.0000000000040004e-05,6.000000000017103e-05,2.0000000000131024e-05,0.2571580602219517,0.3221865668763457,0.06502850665439402,0.0004469897088298568,0.0007726558075864039,0.04997999999999991,0.04993999999999987,0.050000000000000044
-1.2755102040816326,-1.374410932157454,0.3,0.94,0.9869199999999995,0.9996799999999998,0.9996799999999998,0.9993800000000002,1.0,-0.0002999999999996339,0.0006199999999998429,0.000320000000000209,0.310257571853828,0.38865197001053725,0.07839439815670923,0.0020252658348231005,0.002611976727006279,0.049679999999999835,0.0493800000000002,0.050000000000000044
-1.2755102040816326,-1.374410932157454,0.4,0.94,0.9869199999999995,0.9989199999999998,0.9989199999999998,0.9984400000000002,1.0,-0.00047999999999959186,0.0015599999999997838,0.001080000000000192,0.35418900514133544,0.4435922663568828,0.08940326121554737,0.004455721429067742,0.004047565043675372,0.04891999999999985,0.04844000000000026,0.050000000000000044
-1.2755102040816326,-1.374410932157454,0.5,0.94,0.9869199999999995,0.9977699999999998,0.9977699999999998,0.9967699999999999,1.0,-0.0009999999999998899,0.003230000000000066,0.0022300000000001763,0.392183819207874,0.49116015518828904,0.09897633598041505,0.00756202911157345,0.006124100309809162,0.04776999999999987,0.04676999999999998,0.050000000000000044
-1.2755102040816326,-1.374410932157454,0.6,0.94,0.9869199999999995,0.9959500000000001,0.9959500000000001,0.9947899999999996,1.0,-0.001160000000000494,0.005210000000000381,0.004049999999999887,0.42480980601561846,0.5320652034349423,0.10725539741932388,0.015189740887461783,0.00800124489813429,0.04595000000000016,0.04478999999999966,0.050000000000000044
-1.2755102040816326,-1.374410932157454,0.7,0.94,0.9869199999999995,0.9939499999999996,0.9939499999999996,0.9918999999999996,0.99,-0.0020499999999999963,-0.0018999999999995687,-0.003949999999999565,0.4528313685199899,0.5671976747583833,0.11436630623839344,0.02303536689805761,0.010435463521037245,0.0439499999999996,0.041899999999999604,0.040000000000000036
-1.2755102040816326,-1.374410932157454,0.8,0.94,0.9869199999999995,0.9915900000000001,0.9915900000000001,0.9887400000000001,0.96,-0.002850000000000019,-0.0287400000000001,-0.03159000000000012,0.4771714662960387,0.5977459446552026,0.1205744783591639,0.030283477161465282,0.01260044329264536,0.04159000000000013,0.03874000000000011,0.010000000000000009
-1.2755102040816326,-1.374410932157454,0.9,0.94,0.9869199999999995,0.9887699999999997,0.9887699999999997,0.9853299999999992,0.95,-0.0034400000000005537,-0.035329999999999195,-0.03876999999999975,0.4989755844908317,0.6250298028410814,0.12605421835024977,0.03928524443643479,0.014577503339173134,0.03876999999999975,0.035329999999999195,0.0
-1.2755102040816326,-1.374410932157454,1.0,0.94,0.9869199999999995,0.9860799999999995,0.9860799999999995,0.9817099999999996,0.94,-0.004369999999999874,-0.04170999999999969,-0.046079999999999566,0.5194554726202316,0.6506536330667125,0.13119816044648092,0.046101615578621094,0.01695474456791855,0.03607999999999956,0.03170999999999968,0.010000000000000009
-1.173469387755102,-1.3511509742303678,0.1,0.94,0.9812499999999997,1.0,1.0,1.0,1.0,0.0,0.0,0.0,0.2205456662374188,0.1852636676409579,-0.03528199859646092,0.0,0.0,0.050000000000000044,0.050000000000000044,0.050000000000000044
-1.173469387755102,-1.3511509742303678,0.2,0.94,0.9812499999999997,0.9999799999999999,0.9999799999999999,0.9999600000000001,1.0,-1.9999999999797957e-05,3.999999999992898e-05,2.0000000000131024e-05,0.30470299626922376,0.25552111778182235,-0.04918187848740141,0.0004469897088298568,0.0006315051850925686,0.04997999999999991,0.049960000000000115,0.050000000000000044
-1.173469387755102,-1.3511509742303678,0.3,0.94,0.9812499999999997,0.99994,0.99994,0.9998500000000001,1.0,-8.999999999992347e-05,0.00014999999999987246,5.999999999994898e-05,0.36773897260649485,0.30777877681757776,-0.05996019578891709,0.0008928590018570673,0.001216132796605281,0.049940000000000095,0.04985000000000017,0.050000000000000044
-1.173469387755102,-1.3511509742303678,0.4,0.94,0.9812499999999997,0.9993499999999997,0.9993499999999997,0.9992299999999997,1.0,-0.00012000000000000899,0.0007700000000002705,0.0006500000000002615,0.4199598837242531,0.35053741584200276,-0.06942246788225032,0.005109168582421567,0.0027775555466659574,0.04934999999999978,0.049229999999999774,0.050000000000000044
-1.173469387755102,-1.3511509742303678,0.5,0.94,0.9812499999999997,0.9978200000000002,0.9978200000000002,0.9980799999999995,1.0,0.00025999999999937184,0.0019200000000004769,0.0021799999999998487,0.4651364831349423,0.38724706986127727,-0.07788941327366505,0.016362008291017194,0.004830831909406182,0.047820000000000196,0.04807999999999957,0.050000000000000044
-1.173469387755102,-1.3511509742303678,0.6,0.94,0.9812499999999997,0.9949800000000002,0.9949800000000003,0.9963299999999998,0.98,0.0013499999999996293,-0.016329999999999845,-0.014980000000000215,0.5038548286177709,0.41911002631865435,-0.08474480229911652,0.029656012528306616,0.006713879368604731,0.04498000000000024,0.04632999999999987,0.030000000000000027
-1.173469387755102,-1.3511509742303678,0.7,0.94,0.9812499999999997,0.9915499999999998,0.9915499999999998,0.9939199999999998,0.98,0.0023699999999999832,-0.013919999999999821,-0.011549999999999838,0.5369548293504848,0.44687976354990183,-0.09007506580058294,0.04223364986809903,0.00936596611788242,0.041549999999999865,0.04391999999999985,0.030000000000000027
-1.173469387755102,-1.3511509742303678,0.8,0.94,0.9812499999999997,0.9871799999999997,0.9871799999999997,0.9907199999999999,0.96,0.0035400000000002096,-0.03071999999999997,-0.02717999999999976,0.5657820557104954,0.47146153015673053,-0.09432052555376491,0.051420732119366916,0.012100744936904845,0.03717999999999977,0.04071999999999998,0.010000000000000009
-1.173469387755102,-1.3511509742303678,0.9,0.94,0.9812499999999997,0.9827199999999995,0.9827199999999995,0.9872,0.95,0.004480000000000484,-0.03720000000000001,-0.03271999999999953,0.5917339141208667,0.49358839700179546,-0.09814551711907127,0.06060754800249615,0.014531729806570566,0.03271999999999953,0.03720000000000001,0.0
-1.173469387755102,-1.3511509742303678,1.0,0.94,0.9812499999999997,0.9777800000000001,0.9777800000000001,0.9833099999999996,0.94,0.00552999999999948,-0.04330999999999963,-0.03778000000000015,0.6159613868169029,0.5141725813154515,-0.10178880550145142,0.06947300265641394,0.017693415638506807,0.027780000000000138,0.03330999999999962,0.010000000000000009
-0.8673469387755102,0.311308491168385,0.1,0.94,0.9768499999999999,0.9999899999999999,0.9999899999999999,0.9999899999999999,1.0,0.0,1.0000000000065512e-05,1.0000000000065512e-05,0.2223064637107738,0.20149679942544227,-0.02080966428533154,0.0003162277660168381,0.0003162277660168381,0.04998999999999998,0.04998999999999998,0.050000000000000044
-0.8673469387755102,0.311308491168385,0.2,0.94,0.9768499999999999,0.9999199999999999,0.9999199999999999,0.99994,1.0,2.0000000000131024e-05,5.999999999994898e-05,8.000000000008001e-05,0.30708987528782283,0.2781481459747064,-0.02894172931311645,0.0008912880535463247,0.0007726558075864039,0.049919999999999964,0.049940000000000095,0.050000000000000044
-0.8673469387755102,0.311308491168385,0.3,0.94,0.9768499999999999,0.9992800000000002,0.9992800000000002,0.99968,1.0,0.0003999999999998449,0.00031999999999998696,0.0007199999999998319,0.37047429446471536,0.33518685464593856,-0.0352874398187768,0.00948533455243259,0.0017608806605504833,0.04928000000000021,0.04968000000000006,0.050000000000000044
-0.8673469387755102,0.311308491168385,0.4,0.94,0.9768499999999999,0.9976699999999991,0.9976699999999991,0.9986199999999995,0.98,0.0009500000000004505,-0.018619999999999526,-0.017669999999999075,0.4229299871631321,0.3820120873671622,-0.040917899795969936,0.022485032280979197,0.003782844156175342,0.0476699999999991,0.04861999999999955,0.030000000000000027
-0.8673469387755102,0.311308491168385,0.5,0.94,0.9768499999999999,0.9949999999999996,0.9949999999999996,0.9969100000000001,0.95,0.0019100000000005224,-0.04691000000000012,-0.044999999999999596,0.46839305873509585,0.4223865469835111,-0.04600651175158477,0.03026079502781968,0.005898023964573792,0.044999999999999596,0.04691000000000012,0.0
-0.8673469387755102,0.311308491168385,0.6,0.94,0.9768499999999999,0.9911300000000002,0.9911300000000002,0.9943699999999996,0.95,0.0032399999999994655,-0.04436999999999969,-0.04113000000000022,0.5072177066831222,0.4571833916268971,-0.050034315056225076,0.03850331941022235,0.008477911003011008,0.04113000000000022,0.04436999999999969,0.0
-0.8673469387755102,0.311308491168385,0.7,0.94,0.9768499999999999,0.9868899999999995,0.9868899999999995,0.9914499999999998,0.94,0.0045600000000003416,-0.051449999999999885,-0.04688999999999954,0.5401121945853381,0.48695664826552415,-0.05315554631981395,0.04842285279362083,0.01077560270303308,0.036889999999999534,0.041449999999999876,0.010000000000000009
-0.8673469387755102,0.311308491168385,0.8,0.94,0.9768499999999999,0.9820499999999999,0.9820499999999999,0.9882499999999999,0.95,0.006199999999999983,-0.038249999999999895,-0.03204999999999991,0.5686193920898551,0.5128904251937569,-0.05572896689609819,0.05777226960346231,0.012798488242808272,0.03204999999999991,0.038249999999999895,0.0
-0.8673469387755102,0.311308491168385,0.9,0.94,0.9768499999999999,0.97723,0.97723,0.9848600000000003,0.94,0.007630000000000248,-0.044860000000000344,-0.037230000000000096,0.5936266912044245,0.5358003145979648,-0.05782637660645962,0.0665315981587212,0.014553081879526154,0.027230000000000087,0.034860000000000335,0.010000000000000009
-0.8673469387755102,0.311308491168385,1.0,0.94,0.9768499999999999,0.97257,0.97257,0.9814699999999995,0.94,0.008899999999999464,-0.04146999999999956,-0.0325700000000001,0.6174586442406286,0.557344334813191,-0.06011430942743756,0.07438567287003815,0.016456303045031415,0.02257000000000009,0.031469999999999554,0.010000000000000009
