alpha,mean_estimated_coverage_over_x,mean_calib_pseudo_coverage_over_x,mean_calib_true_coverage_over_x,mean_final_deploy_coverage_over_x,mean_pseudo_target_bias_over_x,mean_deploy_transfer_gap_over_x,mean_total_gap_over_x
0.1,0.9994524,0.9994524,0.9997739999999997,1.0,0.00032159999999998857,0.00022600000000003506,0.0005476000000000236
0.2,0.9983966,0.9983965999999999,0.9989588000000001,0.9992,0.0005622000000000149,0.00024120000000009246,0.0008034000000001073
0.3,0.9964477999999997,0.9964477999999999,0.9973247999999997,0.998,0.0008770000000000145,0.0006752000000001556,0.0015522000000001701
0.4,0.9936913999999999,0.9936913999999998,0.9949973999999994,0.996,0.0013059999999999782,0.0010026000000002155,0.002308600000000194
0.5,0.9903481999999997,0.9903481999999997,0.9921873999999998,0.993,0.0018392000000000497,0.0008126000000002253,0.002651800000000275
0.6,0.9865284,0.9865283999999999,0.9890515999999998,0.9914000000000002,0.002523199999999974,0.0023484000000002126,0.004871600000000187
0.7,0.9825509999999997,0.982551,0.9857467999999998,0.9892000000000002,0.0031958000000000286,0.0034532000000001718,0.0066490000000002
0.8,0.9784287999999997,0.9784287999999998,0.9823097999999998,0.9855999999999999,0.0038809999999999813,0.0032902000000002095,0.007171200000000191
0.9,0.9742945999999998,0.9742945999999998,0.9788825999999999,0.9831999999999997,0.004588000000000008,0.004317400000000186,0.008905400000000195
1.0,0.9702567999999998,0.9702567999999995,0.9755101999999997,0.9808,0.005253399999999957,0.005289800000000286,0.010543200000000244
