x,true_f,selected_deploy_coverage,selected_estimated_coverage,selected_deploy_minus_estimated,alpha_star_mean,alpha_star_sd,nominal,selected_gap_to_nominal
-1.8877551020408163,1.0551908634361649,0.84,0.9840779999999999,-0.14407799999999993,0.7550000000000001,0.24959563256992248,0.95,0.10999999999999999
-1.5816326530612246,0.5069691785060113,0.84,0.9724080000000002,-0.1324080000000002,0.9610000000000001,0.11625033941516631,0.95,0.10999999999999999
-2.193877551020408,-0.4605713330117863,0.87,0.9846299999999999,-0.1146299999999999,0.6979999999999998,0.2912806969993798,0.95,0.07999999999999996
-2.295918367346939,-0.5472945000967161,0.88,0.9780840000000001,-0.09808400000000006,0.8320000000000001,0.2538113512437968,0.95,0.06999999999999995
-1.989795918367347,0.5396543347943726,0.89,0.9702700000000001,-0.08027000000000006,0.9870000000000002,0.067651812073053,0.95,0.05999999999999994
-1.479591836734694,-0.2629832842487771,0.91,0.981404,-0.07140400000000002,0.7819999999999997,0.2430363484474425,0.95,0.039999999999999925
-1.173469387755102,-1.3511509742303678,0.92,0.9725720000000001,-0.05257200000000006,0.976,0.09961542211541513,0.95,0.029999999999999916
2.091836734693877,1.0455201744809497,0.94,0.9851540000000001,-0.04515400000000014,0.7460000000000001,0.2753950330750798,0.95,0.010000000000000009
2.5,0.1733176589175135,0.94,0.9772280000000001,-0.03722800000000015,0.8970000000000001,0.21763420334277989,0.95,0.010000000000000009
