x,true_f,alpha,selected_deploy_coverage,selected_estimated_coverage,actual_deployed_coverage_mean,actual_deployed_coverage_sd,estimated_coverage_mean,estimated_coverage_sd,actual_minus_estimated,actual_abs_error_to_nominal,estimated_abs_error_to_nominal
-2.295918367346939,-0.5472945000967161,0.1,0.88,0.9780840000000001,1.0,0.0,1.0,0.0,0.0,0.050000000000000044,0.050000000000000044
-2.295918367346939,-0.5472945000967161,0.2,0.88,0.9780840000000001,1.0,0.0,0.9966999999999999,0.009645745385422745,0.0033000000000000806,0.050000000000000044,0.046699999999999964
-2.295918367346939,-0.5472945000967161,0.3,0.88,0.9780840000000001,1.0,0.0,0.9910000000000001,0.019822444171425806,0.008999999999999897,0.050000000000000044,0.04100000000000015
-2.295918367346939,-0.5472945000967161,0.4,0.88,0.9780840000000001,0.99,0.09999999999999996,0.9815999999999998,0.03724665261890161,0.008400000000000185,0.040000000000000036,0.03159999999999985
-2.295918367346939,-0.5472945000967161,0.5,0.88,0.9780840000000001,0.95,0.21904291355759026,0.9714999999999996,0.0540365570234586,-0.02149999999999963,0.0,0.02149999999999963
-2.295918367346939,-0.5472945000967161,0.6,0.88,0.9780840000000001,0.93,0.25643239997624295,0.9601999999999997,0.07541106207200825,-0.03019999999999967,0.019999999999999907,0.010199999999999765
-2.295918367346939,-0.5472945000967161,0.7,0.88,0.9780840000000001,0.92,0.2726599243442909,0.9504999999999998,0.08689218909230288,-0.03049999999999975,0.029999999999999916,0.0004999999999998339
-2.295918367346939,-0.5472945000967161,0.8,0.88,0.9780840000000001,0.9,0.3015113445777634,0.9403999999999999,0.09761726954351531,-0.04039999999999988,0.04999999999999993,0.009600000000000053
-2.295918367346939,-0.5472945000967161,0.9,0.88,0.9780840000000001,0.89,0.3144660377352203,0.9309999999999995,0.10438371326964564,-0.04099999999999948,0.05999999999999994,0.01900000000000046
-2.295918367346939,-0.5472945000967161,1.0,0.88,0.9780840000000001,0.87,0.33799766898963085,0.9211999999999998,0.11325558830728082,-0.0511999999999998,0.07999999999999996,0.02880000000000016
-2.193877551020408,-0.4605713330117863,0.1,0.87,0.9846299999999999,1.0,0.0,0.9989999999999999,0.003333333333333338,0.001000000000000112,0.050000000000000044,0.04899999999999993
-2.193877551020408,-0.4605713330117863,0.2,0.87,0.9846299999999999,1.0,0.0,0.9915999999999998,0.014955827214726965,0.008400000000000185,0.050000000000000044,0.04159999999999986
-2.193877551020408,-0.4605713330117863,0.3,0.87,0.9846299999999999,0.93,0.25643239997624295,0.9789999999999995,0.031542820022146006,-0.04899999999999949,0.019999999999999907,0.02899999999999958
-2.193877551020408,-0.4605713330117863,0.4,0.87,0.9846299999999999,0.91,0.28762349126466114,0.9630999999999993,0.05849449598557169,-0.05309999999999926,0.039999999999999925,0.013099999999999334
-2.193877551020408,-0.4605713330117863,0.5,0.87,0.9846299999999999,0.87,0.33799766898963085,0.9474999999999996,0.08392366661545364,-0.07749999999999957,0.07999999999999996,0.002500000000000391
-2.193877551020408,-0.4605713330117863,0.6,0.87,0.9846299999999999,0.85,0.35887028128263715,0.9310999999999996,0.10629570912213612,-0.08109999999999962,0.09999999999999998,0.01890000000000036
-2.193877551020408,-0.4605713330117863,0.7,0.87,0.9846299999999999,0.84,0.3684529491774709,0.9160000000000004,0.12314071773234216,-0.0760000000000004,0.10999999999999999,0.033999999999999586
-2.193877551020408,-0.4605713330117863,0.8,0.87,0.9846299999999999,0.84,0.3684529491774709,0.9045000000000002,0.1312286538678181,-0.06450000000000022,0.10999999999999999,0.04549999999999976
-2.193877551020408,-0.4605713330117863,0.9,0.87,0.9846299999999999,0.83,0.377525168068637,0.8927999999999997,0.14047595861746215,-0.06279999999999974,0.12,0.05720000000000025
-2.193877551020408,-0.4605713330117863,1.0,0.87,0.9846299999999999,0.83,0.377525168068637,0.8815000000000001,0.14781489243050722,-0.0515000000000001,0.12,0.0684999999999999
-1.989795918367347,0.5396543347943726,0.1,0.89,0.9702700000000001,1.0,0.0,1.0,0.0,0.0,0.050000000000000044,0.050000000000000044
-1.989795918367347,0.5396543347943726,0.2,0.89,0.9702700000000001,1.0,0.0,0.9998999999999999,0.0010000000000000009,0.00010000000000010001,0.050000000000000044,0.049899999999999944
-1.989795918367347,0.5396543347943726,0.3,0.89,0.9702700000000001,1.0,0.0,0.9997,0.001714466079977654,0.00029999999999996696,0.050000000000000044,0.04970000000000008
-1.989795918367347,0.5396543347943726,0.4,0.89,0.9702700000000001,1.0,0.0,0.9995999999999999,0.001969463855669329,0.00040000000000006697,0.050000000000000044,0.04959999999999998
-1.989795918367347,0.5396543347943726,0.5,0.89,0.9702700000000001,0.96,0.19694638556693242,0.9986999999999999,0.003666666666666668,-0.03869999999999996,0.010000000000000009,0.048699999999999966
-1.989795918367347,0.5396543347943726,0.6,0.89,0.9702700000000001,0.95,0.21904291355759026,0.9958999999999998,0.01422013084370609,-0.04589999999999983,0.0,0.04589999999999983
-1.989795918367347,0.5396543347943726,0.7,0.89,0.9702700000000001,0.95,0.21904291355759026,0.9927999999999997,0.022114486316677236,-0.04279999999999973,0.0,0.04279999999999973
-1.989795918367347,0.5396543347943726,0.8,0.89,0.9702700000000001,0.93,0.25643239997624295,0.9895999999999998,0.035955078594931154,-0.059599999999999764,0.019999999999999907,0.03959999999999986
-1.989795918367347,0.5396543347943726,0.9,0.89,0.9702700000000001,0.88,0.3265986323710906,0.9851999999999995,0.046914493463850786,-0.10519999999999952,0.06999999999999995,0.035199999999999565
-1.989795918367347,0.5396543347943726,1.0,0.89,0.9702700000000001,0.88,0.3265986323710906,0.9795,0.055766015500916706,-0.09950000000000003,0.06999999999999995,0.02950000000000008
-1.8877551020408163,1.0551908634361649,0.1,0.84,0.9840779999999999,1.0,0.0,1.0,0.0,0.0,0.050000000000000044,0.050000000000000044
-1.8877551020408163,1.0551908634361649,0.2,0.84,0.9840779999999999,0.96,0.19694638556693242,0.9984999999999998,0.004113294533484316,-0.03849999999999987,0.010000000000000009,0.04849999999999988
-1.8877551020408163,1.0551908634361649,0.3,0.84,0.9840779999999999,0.94,0.23868325657594203,0.9919,0.01593515901801088,-0.05190000000000006,0.010000000000000009,0.04190000000000005
-1.8877551020408163,1.0551908634361649,0.4,0.84,0.9840779999999999,0.9,0.30151134457776346,0.9801999999999996,0.04640576418393465,-0.0801999999999996,0.04999999999999993,0.03019999999999967
-1.8877551020408163,1.0551908634361649,0.5,0.84,0.9840779999999999,0.86,0.34873508801977704,0.9651,0.07541795997551697,-0.10509999999999997,0.08999999999999997,0.015100000000000002
-1.8877551020408163,1.0551908634361649,0.6,0.84,0.9840779999999999,0.85,0.3588702812826371,0.9477999999999995,0.09510844421825101,-0.09779999999999955,0.09999999999999998,0.002200000000000424
-1.8877551020408163,1.0551908634361649,0.7,0.84,0.9840779999999999,0.83,0.377525168068637,0.9324999999999999,0.10914150762596551,-0.10249999999999992,0.12,0.01750000000000007
-1.8877551020408163,1.0551908634361649,0.8,0.84,0.9840779999999999,0.83,0.377525168068637,0.9171999999999997,0.12186331140530628,-0.08719999999999972,0.12,0.03280000000000027
-1.8877551020408163,1.0551908634361649,0.9,0.84,0.9840779999999999,0.83,0.377525168068637,0.9034000000000002,0.13407535948190485,-0.07340000000000024,0.12,0.04659999999999975
-1.8877551020408163,1.0551908634361649,1.0,0.84,0.9840779999999999,0.82,0.38612291966536955,0.8895000000000001,0.1446861807813411,-0.06950000000000012,0.13,0.06049999999999989
-1.5816326530612246,0.5069691785060113,0.1,0.84,0.9724080000000002,1.0,0.0,1.0,0.0,0.0,0.050000000000000044,0.050000000000000044
-1.5816326530612246,0.5069691785060113,0.2,0.84,0.9724080000000002,1.0,0.0,1.0,0.0,0.0,0.050000000000000044,0.050000000000000044
-1.5816326530612246,0.5069691785060113,0.3,0.84,0.9724080000000002,1.0,0.0,1.0,0.0,0.0,0.050000000000000044,0.050000000000000044
-1.5816326530612246,0.5069691785060113,0.4,0.84,0.9724080000000002,0.96,0.19694638556693242,0.9985999999999998,0.0069660069283092605,-0.03859999999999986,0.010000000000000009,0.048599999999999866
-1.5816326530612246,0.5069691785060113,0.5,0.84,0.9724080000000002,0.94,0.23868325657594203,0.9962999999999996,0.00981186665587782,-0.056299999999999684,0.010000000000000009,0.046299999999999675
-1.5816326530612246,0.5069691785060113,0.6,0.84,0.9724080000000002,0.92,0.2726599243442909,0.9922999999999996,0.01644427381838864,-0.07229999999999959,0.029999999999999916,0.04229999999999967
-1.5816326530612246,0.5069691785060113,0.7,0.84,0.9724080000000002,0.86,0.34873508801977704,0.9875999999999996,0.024375844973699233,-0.1275999999999996,0.08999999999999997,0.037599999999999634
-1.5816326530612246,0.5069691785060113,0.8,0.84,0.9724080000000002,0.84,0.3684529491774709,0.9812999999999994,0.03424967742972782,-0.14129999999999943,0.10999999999999999,0.03129999999999944
-1.5816326530612246,0.5069691785060113,0.9,0.84,0.9724080000000002,0.84,0.3684529491774709,0.9735999999999992,0.04939063011781024,-0.13359999999999927,0.10999999999999999,0.023599999999999288
-1.5816326530612246,0.5069691785060113,1.0,0.84,0.9724080000000002,0.84,0.3684529491774709,0.9665999999999997,0.0637580654434473,-0.1265999999999997,0.10999999999999999,0.016599999999999726
-1.479591836734694,-0.2629832842487771,0.1,0.91,0.981404,1.0,0.0,1.0,0.0,0.0,0.050000000000000044,0.050000000000000044
-1.479591836734694,-0.2629832842487771,0.2,0.91,0.981404,1.0,0.0,0.9985999999999998,0.0047183287573701665,0.0014000000000001789,0.050000000000000044,0.048599999999999866
-1.479591836734694,-0.2629832842487771,0.3,0.91,0.981404,0.99,0.09999999999999999,0.9927999999999997,0.013263453242620935,-0.0027999999999996916,0.040000000000000036,0.04279999999999973
-1.479591836734694,-0.2629832842487771,0.4,0.91,0.981404,0.95,0.21904291355759026,0.9823999999999999,0.04173315906634154,-0.032399999999999984,0.0,0.032399999999999984
-1.479591836734694,-0.2629832842487771,0.5,0.91,0.981404,0.95,0.21904291355759026,0.9659999999999994,0.07293279042510248,-0.01599999999999946,0.0,0.01599999999999946
-1.479591836734694,-0.2629832842487771,0.6,0.91,0.981404,0.94,0.23868325657594203,0.9509999999999992,0.09604817814645172,-0.010999999999999233,0.010000000000000009,0.0009999999999992237
-1.479591836734694,-0.2629832842487771,0.7,0.91,0.981404,0.93,0.25643239997624295,0.9350000000000002,0.11543068233464804,-0.0050000000000001155,0.019999999999999907,0.014999999999999791
-1.479591836734694,-0.2629832842487771,0.8,0.91,0.981404,0.93,0.25643239997624295,0.9240999999999999,0.1251673223563506,0.005900000000000127,0.019999999999999907,0.025900000000000034
-1.479591836734694,-0.2629832842487771,0.9,0.91,0.981404,0.92,0.2726599243442909,0.9095999999999997,0.1379571006369792,0.010400000000000298,0.029999999999999916,0.040400000000000214
-1.479591836734694,-0.2629832842487771,1.0,0.91,0.981404,0.89,0.31446603773522025,0.8949999999999995,0.1482796974871094,-0.004999999999999449,0.05999999999999994,0.05500000000000049
-1.173469387755102,-1.3511509742303678,0.1,0.92,0.9725720000000001,1.0,0.0,1.0,0.0,0.0,0.050000000000000044,0.050000000000000044
-1.173469387755102,-1.3511509742303678,0.2,0.92,0.9725720000000001,1.0,0.0,1.0,0.0,0.0,0.050000000000000044,0.050000000000000044
-1.173469387755102,-1.3511509742303678,0.3,0.92,0.9725720000000001,1.0,0.0,0.9998999999999999,0.001000000000000001,0.00010000000000010001,0.050000000000000044,0.049899999999999944
-1.173469387755102,-1.3511509742303678,0.4,0.92,0.9725720000000001,1.0,0.0,0.9993999999999998,0.0023868325657594217,0.000600000000000156,0.050000000000000044,0.04939999999999989
-1.173469387755102,-1.3511509742303678,0.5,0.92,0.9725720000000001,1.0,0.0,0.9969999999999999,0.010963668190985163,0.0030000000000001137,0.050000000000000044,0.04699999999999993
-1.173469387755102,-1.3511509742303678,0.6,0.92,0.9725720000000001,1.0,0.0,0.9932999999999997,0.02647869355012089,0.006700000000000261,0.050000000000000044,0.04329999999999978
-1.173469387755102,-1.3511509742303678,0.7,0.92,0.9725720000000001,0.98,0.14070529413628957,0.9894999999999996,0.04130142952499442,-0.00949999999999962,0.030000000000000027,0.039499999999999647
-1.173469387755102,-1.3511509742303678,0.8,0.92,0.9725720000000001,0.95,0.21904291355759026,0.9847999999999999,0.05655925649219142,-0.03479999999999994,0.0,0.03479999999999994
-1.173469387755102,-1.3511509742303678,0.9,0.92,0.9725720000000001,0.93,0.25643239997624295,0.9802999999999996,0.06846742202528057,-0.05029999999999957,0.019999999999999907,0.03029999999999966
-1.173469387755102,-1.3511509742303678,1.0,0.92,0.9725720000000001,0.92,0.2726599243442909,0.9757999999999996,0.0827699745491606,-0.05579999999999952,0.029999999999999916,0.0257999999999996
2.091836734693877,1.0455201744809497,0.1,0.94,0.9851540000000001,1.0,0.0,1.0,0.0,0.0,0.050000000000000044,0.050000000000000044
2.091836734693877,1.0455201744809497,0.2,0.94,0.9851540000000001,0.99,0.09999999999999999,0.9965999999999998,0.007137891491854933,-0.006599999999999828,0.040000000000000036,0.046599999999999864
2.091836734693877,1.0455201744809497,0.3,0.94,0.9851540000000001,0.96,0.19694638556693242,0.9863999999999996,0.02320397040215838,-0.026399999999999646,0.010000000000000009,0.036399999999999655
2.091836734693877,1.0455201744809497,0.4,0.94,0.9851540000000001,0.96,0.19694638556693242,0.9731999999999995,0.04857317711817435,-0.013199999999999545,0.010000000000000009,0.023199999999999554
2.091836734693877,1.0455201744809497,0.5,0.94,0.9851540000000001,0.94,0.23868325657594203,0.9537999999999996,0.08760309943319947,-0.013799999999999701,0.010000000000000009,0.0037999999999996925
2.091836734693877,1.0455201744809497,0.6,0.94,0.9851540000000001,0.95,0.21904291355759026,0.9381,0.11649506860850811,0.01189999999999991,0.0,0.01189999999999991
2.091836734693877,1.0455201744809497,0.7,0.94,0.9851540000000001,0.94,0.23868325657594203,0.9226999999999999,0.13678010812906236,0.017300000000000093,0.010000000000000009,0.027300000000000102
2.091836734693877,1.0455201744809497,0.8,0.94,0.9851540000000001,0.92,0.2726599243442909,0.9097999999999999,0.1491523524535374,0.010200000000000098,0.029999999999999916,0.040200000000000014
2.091836734693877,1.0455201744809497,0.9,0.94,0.9851540000000001,0.9,0.30151134457776346,0.9001,0.15532627763920867,-9.999999999998899e-05,0.04999999999999993,0.049899999999999944
2.091836734693877,1.0455201744809497,1.0,0.94,0.9851540000000001,0.89,0.31446603773522025,0.8890999999999998,0.15980477357252398,0.000900000000000234,0.05999999999999994,0.060900000000000176
2.5,0.1733176589175135,0.1,0.94,0.9772280000000001,1.0,0.0,0.9992,0.003938927711338657,0.0008000000000000229,0.050000000000000044,0.04920000000000002
2.5,0.1733176589175135,0.2,0.94,0.9772280000000001,1.0,0.0,0.9910999999999999,0.051676831844598835,0.00890000000000013,0.050000000000000044,0.041099999999999914
2.5,0.1733176589175135,0.3,0.94,0.9772280000000001,1.0,0.0,0.982,0.09377600649387555,0.018000000000000016,0.050000000000000044,0.03200000000000003
2.5,0.1733176589175135,0.4,0.94,0.9772280000000001,1.0,0.0,0.9752,0.11338216416842269,0.024800000000000044,0.050000000000000044,0.0252
2.5,0.1733176589175135,0.5,0.94,0.9772280000000001,1.0,0.0,0.9689,0.12234984613183969,0.031100000000000017,0.050000000000000044,0.018900000000000028
2.5,0.1733176589175135,0.6,0.94,0.9772280000000001,1.0,0.0,0.9632999999999998,0.12834655579265994,0.03670000000000018,0.050000000000000044,0.013299999999999867
2.5,0.1733176589175135,0.7,0.94,0.9772280000000001,0.99,0.09999999999999996,0.9560999999999997,0.13644027812544762,0.03390000000000026,0.040000000000000036,0.006099999999999772
2.5,0.1733176589175135,0.8,0.94,0.9772280000000001,0.98,0.14070529413628957,0.9502999999999997,0.1406152067297003,0.02970000000000028,0.030000000000000027,0.0002999999999997449
2.5,0.1733176589175135,0.9,0.94,0.9772280000000001,0.97,0.17144660799776518,0.9438999999999997,0.14430533705663934,0.026100000000000234,0.020000000000000018,0.006100000000000216
2.5,0.1733176589175135,1.0,0.94,0.9772280000000001,0.93,0.25643239997624295,0.9382999999999997,0.1501719889414341,-0.008299999999999641,0.019999999999999907,0.011700000000000266
