x,emp_cov_mean,emp_cov_sd,calib_cov_mean,calib_cov_sd
-2.5,0.83,0.37563279941985916,0.9817500000000001,0.020116846174288862
-2.397959183673469,1.0,0.0,0.9969499999999999,0.011355505272774095
-2.295918367346939,0.8,0.39999999999999963,0.9904500000000002,0.01701609532178287
-2.193877551020408,0.7,0.4582575694955838,0.9859500000000001,0.019100981650166583
-2.091836734693877,0.98,0.13999999999999985,0.99575,0.012417225938187644
-1.989795918367347,0.84,0.3666060555964675,0.9980000000000001,0.009354143466934858
-1.8877551020408163,0.7,0.4582575694955838,0.9885999999999998,0.01755106834355108
-1.7857142857142856,0.94,0.23748684174075804,0.98835,0.019236098876851328
-1.683673469387755,1.0,0.0,0.9990000000000001,0.0062048368229954305
-1.5816326530612246,0.73,0.44395945760846256,0.9954500000000001,0.013135733706192448
-1.479591836734694,0.84,0.3666060555964675,0.9875999999999999,0.0190063147401068
-1.3775510204081631,1.0,0.0,0.9930999999999999,0.015358710883404268
-1.2755102040816326,0.94,0.23748684174075801,0.99905,0.006351968198912847
-1.173469387755102,0.84,0.3666060555964676,0.9958500000000001,0.011577024660939444
-1.0714285714285714,0.98,0.13999999999999993,0.9924000000000001,0.01514067369703213
-0.9693877551020408,0.95,0.21794494717703358,0.9962000000000001,0.010656453443805784
-0.8673469387755102,0.88,0.32496153618543866,0.998,0.008544003745317524
-0.7653061224489796,0.89,0.31288975694324056,0.9940499999999999,0.01424245414245734
-0.6632653061224489,0.98,0.13999999999999985,0.99575,0.011712706775122478
-0.5612244897959183,1.0,0.0,0.9993000000000001,0.005099999999999995
-0.4591836734693877,0.99,0.09949874371066196,0.9995,0.004092676385936232
-0.3571428571428571,1.0,0.0,0.9971500000000002,0.010822545911198547
-0.2551020408163265,1.0,0.0,0.9974500000000001,0.01023462261150846
-0.1530612244897958,1.0,0.0,0.9994999999999998,0.004500000000000008
-0.0510204081632652,0.99,0.09949874371066196,0.9990000000000001,0.007000000000000015
0.0510204081632652,0.97,0.17058722109231972,0.9969,0.010903669107231763
0.1530612244897958,0.94,0.23748684174075807,0.9964999999999999,0.011324751652906128
0.2551020408163265,1.0,0.0,0.99945,0.00411673414249695
0.3571428571428571,1.0,0.0,1.0,0.0
0.4591836734693877,1.0,0.0,0.9986499999999999,0.006318821092577319
0.5612244897959183,1.0,0.0,0.9971000000000001,0.010226925246622267
0.6632653061224489,1.0,0.0,0.99905,0.00555405257447208
0.7653061224489796,1.0,0.0,0.9986499999999999,0.006702797923255626
0.8673469387755102,1.0,0.0,0.9994,0.004431703961232071
0.9693877551020408,0.98,0.13999999999999985,0.9979,0.00908790404878925
1.0714285714285714,0.94,0.23748684174075826,0.9982,0.00804735981549229
1.173469387755102,0.95,0.21794494717703358,0.99685,0.010969389226388147
1.2755102040816326,0.98,0.13999999999999985,0.9947,0.014332131732579061
1.3775510204081631,1.0,0.0,0.9977000000000001,0.008701149349367592
1.479591836734694,1.0,0.0,0.99985,0.0014924811556599321
1.5816326530612246,1.0,0.0,0.9991500000000001,0.005614935440412489
1.683673469387755,0.99,0.09949874371066197,0.9962499999999999,0.011734031702701354
1.7857142857142856,0.97,0.17058722109231989,0.9982499999999999,0.00849632273398322
1.8877551020408163,0.94,0.23748684174075826,0.9998,0.0019899748742132394
1.989795918367347,0.97,0.1705872210923199,0.99265,0.015595752626917385
2.091836734693877,0.91,0.2861817604250837,0.98985,0.018268210092945644
2.193877551020408,0.94,0.23748684174075807,0.9959499999999999,0.012220781480740092
2.295918367346939,0.93,0.2551470164434617,0.9965999999999997,0.010532805893967673
2.397959183673469,0.94,0.23748684174075804,0.9991499999999999,0.0050524746412030615
2.5,0.87,0.3363034344160044,0.9895999999999999,0.017757815180928116
