x,alpha_star_mean,alpha_star_sd,calib_cov_cf_mean,dep_cov_pseudo_mean,g_pseudo_mean,width_ratio_mean,center_shift_mean,scale_shift_mean,dir_sd_mean,pseudo_hetero_mean,dep_pseudo_z_mean_abs,strategy
-2.5,0.213,0.09708373975724523,0.96758,0.978,0.010419999999999987,0.6551573917868942,0.4895591513660839,-0.4231051500469238,0.056487049147274364,0.030475023798217326,0.4715330535941023,lcb_direction
-2.3979591836734695,0.7759999999999999,0.295118534651671,0.97663,0.997,0.02036999999999999,0.6422231097366494,0.20054803434618879,-0.44331047727814216,0.035999495662420056,0.006127923413204477,0.28457020017468815,lcb_direction
-2.295918367346939,0.582,0.20269896074442192,0.9769500000000001,0.958,-0.018950000000000012,0.6891705734540093,0.40461349550571035,-0.37236294006842613,0.027169149240379786,0.009404534470917894,0.5712058134126059,lcb_direction
-2.193877551020408,0.392,0.14332276211898143,0.9784100000000001,0.965,-0.01341000000000001,0.6837125524065438,0.3186216897802964,-0.38027263190959487,0.025877354647631554,0.00961986362795643,0.5084257430702601,lcb_direction
-2.0918367346938775,0.919,0.1812944477022856,0.9834,0.996,0.012599999999999984,0.6897832868802558,0.10525769066675589,-0.37143997566119763,0.02399424423470729,0.0050637972461502435,0.38549833906394537,lcb_direction
-1.989795918367347,0.982,0.07300200633744885,0.9894700000000001,0.976,-0.01347000000000003,0.6908945247520145,0.2744801188854312,-0.36984860281877596,0.01666626221235473,0.0060377125021292164,0.5379725870836102,lcb_direction
-1.8877551020408163,0.574,0.18236382770869244,0.9772700000000001,0.966,-0.011270000000000016,0.693629651146053,0.2836640972764155,-0.36591807868406406,0.026954398059457874,0.008576086681069767,0.5937184217630488,lcb_direction
-1.7857142857142856,0.768,0.24448668138313256,0.97675,0.977,0.00025000000000000244,0.6979524375709261,0.18701057954975656,-0.35975438909383955,0.02848093414823367,0.0064807489608143445,0.4608783325249701,lcb_direction
-1.683673469387755,0.991,0.05336173486192846,0.99627,0.997,0.0007299999999999817,0.695338934290635,0.09948096335680003,-0.3635722313744931,0.007800516167229473,0.0036671581903012706,0.30790906597303536,lcb_direction
-1.5816326530612246,0.9229999999999999,0.1680878798531749,0.98395,0.971,-0.012950000000000017,0.6957842848190964,0.23565643247842924,-0.3629516588012354,0.022691307170029883,0.00676917488810582,0.638229562408149,lcb_direction
-1.4795918367346939,0.55,0.15986105077709065,0.9773000000000001,0.971,-0.006299999999999996,0.702989486661504,0.1921305409053011,-0.3525758189408705,0.025738028262051026,0.00811010730828889,0.5441987851118659,lcb_direction
-1.3775510204081631,0.769,0.19158825800674897,0.97458,0.987,0.012420000000000002,0.7033244580844454,0.1903535949537609,-0.35239554341661994,0.02770503682609059,0.006267399164540324,0.4248319446052853,lcb_direction
-1.2755102040816326,0.965,0.10952145677879514,0.9896699999999999,0.9890000000000001,-0.0006700000000000183,0.6953683048981664,0.20644299395929316,-0.3639502938379413,0.015394871568634188,0.005433470291189233,0.5440398939249659,lcb_direction
-1.1734693877551021,0.9259999999999999,0.15414803327196935,0.98676,0.9640000000000001,-0.022760000000000034,0.6961917314103971,0.19485932071526463,-0.36299533810443485,0.021767115696420553,0.006625690277425974,0.6306105103050332,lcb_direction
-1.0714285714285714,0.9209999999999999,0.1701425427354513,0.9831,0.966,-0.017100000000000025,0.6955776992574012,0.18606621266811849,-0.363580942462735,0.022020101816889057,0.006161510584183128,0.4842502476595519,lcb_direction
-0.9693877551020408,0.96,0.09534625892455927,0.98477,0.9840000000000001,-0.0007700000000000173,0.6936371203511854,0.2605602612005178,-0.36679253529770184,0.020560573659157352,0.005812127831480978,0.5390176963917775,lcb_direction
-0.8673469387755102,0.88,0.19227505550564009,0.98491,0.934,-0.05091000000000003,0.6921337471941752,0.2711966903845639,-0.3685901869925041,0.022709233755008804,0.007135487402482294,0.6912814551333482,lcb_direction
-0.7653061224489796,0.846,0.2249219842298635,0.98303,0.935,-0.048030000000000024,0.6937057629999831,0.22968436590739802,-0.3663057844415757,0.023314416646182026,0.007368939321219264,0.6403564674914327,lcb_direction
-0.6632653061224489,0.963,0.13000000000000006,0.9891,0.977,-0.012100000000000026,0.6921592329701227,0.228313630249246,-0.36915270378281007,0.015960975283888856,0.005522464796669143,0.4517710364983964,lcb_direction
-0.5612244897959183,0.9990000000000001,0.010000000000000007,0.99675,0.996,-0.0007500000000000184,0.6894487908133377,0.1959043011584591,-0.37306901069136844,0.006988258312725928,0.004161303976549441,0.3817594342571125,lcb_direction
-0.4591836734693877,1.0,0.0,0.99694,0.9990000000000001,0.0020599999999999672,0.6890576829464728,0.14166356474417713,-0.37383154195460555,0.006491978505664528,0.004799016556460464,0.45286640490051583,lcb_direction
-0.3571428571428571,0.987,0.05800557270337452,0.99354,0.991,-0.002540000000000028,0.6917007147697951,0.1620819985872777,-0.37027966697356585,0.010485992757565817,0.004891054775795612,0.3653510097086837,lcb_direction
-0.2551020408163265,0.995,0.049999999999999996,0.9947500000000001,0.991,-0.0037500000000000424,0.6926369986535774,0.21205634047135788,-0.36923915079721,0.008874684826050153,0.0042366858055330105,0.3485710139647795,lcb_direction
-0.15306122448979587,0.99,0.05945883900105633,0.99786,0.9990000000000001,0.0011399999999999787,0.6919892650858236,0.19652641166731338,-0.37010212248542146,0.005153251043242324,0.004457750185201901,0.4214162862258042,lcb_direction
-0.05102040816326525,0.98,0.09534625892455921,0.99544,0.981,-0.014440000000000017,0.6905609117284744,0.18621877909623222,-0.37210645079552124,0.01011936037826498,0.005597327751146564,0.506809566818898,lcb_direction
0.05102040816326525,0.946,0.13136424801507315,0.98653,0.96,-0.026530000000000036,0.6928328175735975,0.27919227675994923,-0.3689957653855074,0.01965491160462907,0.006882994281174745,0.6078686994331254,lcb_direction
0.15306122448979587,0.9329999999999999,0.14498693776065524,0.98551,0.9740000000000001,-0.011510000000000027,0.693445672424506,0.29389527158013673,-0.36850310383751256,0.020678394450179393,0.007052226844706093,0.6284721437343377,lcb_direction
0.2551020408163265,0.991,0.04734357550306213,0.9960600000000001,0.991,-0.005060000000000024,0.6903292181476894,0.19316645777169517,-0.3734404218512499,0.00837825185060436,0.005451316969596226,0.48141985932654846,lcb_direction
0.3571428571428571,1.0,0.0,0.9992700000000001,0.9990000000000001,-0.00027000000000000136,0.6929286604277314,0.12915983878384998,-0.37000724347079994,0.001918297711220998,0.0036362255587126056,0.2883770948247726,lcb_direction
0.4591836734693877,0.997,0.022270150335361377,0.9944300000000001,0.991,-0.0034300000000000485,0.6938703448137585,0.2378074556193226,-0.3686827367953656,0.0093179384305962,0.004379025271044278,0.3743533111275503,lcb_direction
0.5612244897959183,0.9670000000000001,0.10055904341291841,0.9849800000000001,0.9840000000000001,-0.0009800000000000232,0.7001659225941386,0.23255158586858704,-0.3597059995012249,0.01851133959995658,0.005321839145025272,0.4100313106257543,lcb_direction
0.6632653061224489,0.986,0.07250217690914981,0.98641,0.987,0.0005899999999999872,0.6984846628836001,0.08165570777050693,-0.3632303088155073,0.016659644471520192,0.004690298754591479,0.2858124898457994,lcb_direction
0.7653061224489796,0.995,0.04113294533484311,0.99373,0.992,-0.0017300000000000438,0.6953017043507276,0.15634744541227305,-0.36711289337087405,0.00955685683434785,0.003748481129985769,0.2853400531461902,lcb_direction
0.8673469387755102,0.995,0.035887028128263686,0.9954000000000001,0.99,-0.005400000000000032,0.6947221516378577,0.29442793016798346,-0.3681996466476283,0.008143081934560861,0.004469901385484139,0.4208445472723886,lcb_direction
0.9693877551020408,0.972,0.10643915129919503,0.9895,0.987,-0.0025000000000000022,0.6968257787417835,0.2860326429757522,-0.3652349726686798,0.015198070266945807,0.006058675999721697,0.5201498369302574,lcb_direction
1.0714285714285714,0.9359999999999999,0.16423683318225962,0.98398,0.96,-0.02398000000000001,0.6969705022605259,0.2380542183015672,-0.3643566528981422,0.021275060251009,0.007399852977207062,0.6209598647104737,lcb_direction
1.1734693877551021,0.8690000000000001,0.20085423630689056,0.9795100000000001,0.9490000000000001,-0.03051000000000002,0.7055743277437351,0.31965807350858017,-0.35260883369995233,0.02545528749746585,0.007754280712377338,0.657031469668765,lcb_direction
1.2755102040816326,0.856,0.19244309141754978,0.97699,0.97,-0.0069900000000000205,0.7095631572075137,0.3721752296184308,-0.34661894980043195,0.026533435747124655,0.007044893466794799,0.5757181222901326,lcb_direction
1.3775510204081631,0.96,0.11634153830577251,0.9861,0.9940000000000001,0.007899999999999976,0.7091911823236526,0.26972428456248054,-0.34868586615594227,0.019562012774311025,0.0056823330378667335,0.42229983936981497,lcb_direction
1.4795918367346939,1.0,0.0,0.9982500000000001,0.998,-0.0002500000000000102,0.7002644245953032,0.0839402553328531,-0.36134633362040425,0.003929720899434394,0.004060812511818234,0.30816410739971084,lcb_direction
1.5816326530612246,0.997,0.030000000000000023,0.99544,0.993,-0.0024400000000000355,0.6955043072171333,0.19323231005741728,-0.3683802550881129,0.008145043859119301,0.003617199270667736,0.27048563262578257,lcb_direction
1.683673469387755,0.978,0.08236406002522206,0.98693,0.986,-0.0009300000000000341,0.6949039866903045,0.24968108228003288,-0.3691149922344649,0.017722805360958698,0.004692964519919985,0.31241129936076023,lcb_direction
1.7857142857142856,0.982,0.0716049769727826,0.99378,0.996,0.0022199999999999685,0.6938027110938214,0.17046113092996049,-0.3710209260177076,0.011348623424708198,0.004998357848697568,0.3851313016206472,lcb_direction
1.8877551020408163,0.983,0.06521913333934568,0.99339,0.988,-0.005390000000000025,0.6913356524309557,0.19194671020460394,-0.3753524962380647,0.013635725559202772,0.005731493632576353,0.48534862603211615,lcb_direction
1.989795918367347,0.63,0.2062165185557464,0.97571,0.972,-0.0037100000000000175,0.7099978166386505,0.2672860073881089,-0.3451227830254706,0.029998947565828094,0.00835893344565632,0.5467651654257376,lcb_direction
2.0918367346938775,0.517,0.16271372890987898,0.97543,0.9740000000000001,-0.0014300000000000124,0.7159055501606794,0.2609549702011049,-0.33734803280875214,0.02820995287618209,0.009452791617750473,0.556928616822595,lcb_direction
2.193877551020408,0.92,0.16205747826813258,0.98381,0.97,-0.013810000000000024,0.6772639190606394,0.2302212349499022,-0.3947007982864647,0.021131303110085136,0.007918035635735841,0.613084521211515,lcb_direction
2.295918367346939,0.9470000000000001,0.15005386238335094,0.98438,0.978,-0.006380000000000021,0.6852470864678561,0.17642393444370635,-0.3829933830719098,0.022019389820266376,0.007154719183509391,0.519300029208273,lcb_direction
2.3979591836734695,0.977,0.09519252156349345,0.99509,0.997,0.001909999999999963,0.65052838082628,0.10176253269645733,-0.43566767698865083,0.010080281125664479,0.005162979700236525,0.3352642860500446,lcb_direction
2.5,0.7070000000000001,0.3140658748373878,0.97874,0.991,0.012259999999999969,0.6367111972355741,0.17878272684641394,-0.45211589172914657,0.03268215596612669,0.01646692255903959,0.4322092959370592,lcb_direction
