x,coverage
-2.5,0.94
-2.397959183673469,0.99
-2.295918367346939,0.91
-2.193877551020408,0.78
-2.091836734693877,0.99
-1.989795918367347,0.97
-1.8877551020408163,0.8
-1.7857142857142856,0.97
-1.683673469387755,1.0
-1.5816326530612246,0.85
-1.479591836734694,0.95
-1.3775510204081631,0.99
-1.2755102040816326,0.96
-1.173469387755102,0.94
-1.0714285714285714,0.99
-0.9693877551020408,0.98
-0.8673469387755102,0.94
-0.7653061224489796,0.96
-0.6632653061224489,1.0
-0.5612244897959183,1.0
-0.4591836734693877,1.0
-0.3571428571428571,1.0
-0.2551020408163265,1.0
-0.1530612244897958,1.0
-0.0510204081632652,0.99
0.0510204081632652,0.99
0.1530612244897958,0.99
0.2551020408163265,1.0
0.3571428571428571,1.0
0.4591836734693877,1.0
0.5612244897959183,1.0
0.6632653061224489,1.0
0.7653061224489796,1.0
0.8673469387755102,1.0
0.9693877551020408,1.0
1.0714285714285714,0.99
1.173469387755102,0.99
1.2755102040816326,0.99
1.3775510204081631,0.99
1.479591836734694,1.0
1.5816326530612246,1.0
1.683673469387755,0.99
1.7857142857142856,0.98
1.8877551020408163,0.99
1.989795918367347,0.97
2.091836734693877,0.96
2.193877551020408,0.96
2.295918367346939,0.98
2.397959183673469,0.99
2.5,0.98
