x,alpha_star_mean,alpha_star_sd,calib_cov_cf_mean,dep_cov_pseudo_mean,g_pseudo_mean,width_ratio_mean,center_shift_mean,scale_shift_mean,dir_sd_mean,pseudo_hetero_mean,dep_pseudo_z_mean_abs,strategy,offline_pointwise_coverage
-2.5,0.308,0.15220931892521153,0.95377,0.95,-0.003769999999999989,0.6488130252686142,0.5605199937664608,-0.43287934838939807,0.06936784097830503,0.030475023798217326,0.5476489796075426,baseline_replay,0.99
-2.3979591836734695,0.907,0.23666666666666664,0.9701000000000001,0.992,0.02189999999999998,0.6405679833283493,0.22639574561645603,-0.445981776367231,0.045543763393748125,0.006127923413204477,0.31172163741232894,baseline_replay,1.0
-2.295918367346939,0.779,0.23582864863105907,0.95854,0.922,-0.03653999999999999,0.6864880148840077,0.4613332540844317,-0.3762683617749431,0.05037371937025068,0.009404534470917894,0.659438230789959,baseline_replay,0.93
-2.193877551020408,0.5429999999999999,0.19082754391112286,0.96017,0.941,-0.019170000000000006,0.6821935706831794,0.3672057403717528,-0.38250531964333784,0.0470315120201547,0.00961986362795643,0.582900252726485,baseline_replay,0.92
-2.0918367346938775,0.9590000000000001,0.13565776904781499,0.9793999999999999,0.991,0.011599999999999984,0.6899762219292405,0.10847202435038271,-0.37116230671897005,0.03283177436850918,0.0050637972461502435,0.3959171720548879,baseline_replay,1.0
-1.989795918367347,0.996,0.03152680437246048,0.98804,0.973,-0.01504000000000003,0.6907081177056433,0.2759007087478174,-0.37012862645750927,0.020141059385580286,0.0060377125021292164,0.5421558002621756,baseline_replay,0.96
-1.8877551020408163,0.7340000000000001,0.21891375544545466,0.9601900000000001,0.945,-0.015189999999999997,0.6933637095706918,0.31631637396031376,-0.36627776379306604,0.04729860560169721,0.008576086681069767,0.6612223371345209,baseline_replay,0.93
-1.7857142857142856,0.885,0.2199058568082848,0.96635,0.965,-0.0013499999999999933,0.6966036876999776,0.20024248001357153,-0.36168538974718906,0.043074867784811996,0.0064807489608143445,0.49295400887860713,baseline_replay,0.97
-1.683673469387755,0.9990000000000001,0.010000000000000005,0.9955700000000001,0.997,0.0014299999999999847,0.6946456951240679,0.0997492813344941,-0.3645617560135962,0.009721251753038614,0.0036671581903012706,0.30980193931429073,baseline_replay,1.0
-1.5816326530612246,0.963,0.10792346708420159,0.9786100000000001,0.963,-0.01561000000000002,0.6953372987013,0.23967106290493184,-0.3635834896043481,0.03415849900930344,0.00676917488810582,0.6551921512093292,baseline_replay,0.92
-1.4795918367346939,0.7120000000000001,0.19346912681433961,0.9584600000000001,0.9520000000000001,-0.006460000000000001,0.701982178137896,0.2150339079238941,-0.35415434217696395,0.047651405971355025,0.00811010730828889,0.6053945410060639,baseline_replay,0.97
-1.3775510204081631,0.915,0.15914861868166755,0.96199,0.978,0.016009999999999983,0.6974722021824082,0.2035660254916224,-0.36062755338767594,0.04275829896879796,0.006267399164540324,0.46087473720737465,baseline_replay,1.0
-1.2755102040816326,0.993,0.035547663265485724,0.98692,0.987,7.999999999997897e-05,0.6933734920439563,0.2084248458038158,-0.36663433733689665,0.02274608714347121,0.005433470291189233,0.5530847630689251,baseline_replay,0.94
-1.1734693877551021,0.973,0.08744984132332516,0.98125,0.958,-0.023250000000000028,0.694269803219234,0.19862816846124978,-0.3655838599640762,0.03539721959729822,0.006625690277425974,0.647270564656649,baseline_replay,0.94
-1.0714285714285714,0.9570000000000001,0.11997895438346466,0.9775,0.9620000000000001,-0.01550000000000002,0.694709572651128,0.1882274975741286,-0.364912038271238,0.0346969976843961,0.006161510584183128,0.49516632525526416,baseline_replay,1.0
-0.9693877551020408,0.995,0.026111648393354683,0.98193,0.981,-0.0009300000000000131,0.6905625894903713,0.2640378588202589,-0.37090534320603025,0.026132227169461005,0.005812127831480978,0.5501769448486532,baseline_replay,0.98
-0.8673469387755102,0.963,0.10603506185896414,0.97685,0.922,-0.05485000000000003,0.6906846451035542,0.27795180515173323,-0.37088530552679544,0.04033939657156537,0.007135487402482294,0.7185243075878642,baseline_replay,0.94
-0.7653061224489796,0.915,0.16353111093129724,0.9740800000000001,0.9229999999999999,-0.051080000000000035,0.6937930513343473,0.2353163298719461,-0.36646425301405405,0.04383276651151039,0.007368939321219264,0.6637785231287815,baseline_replay,0.95
-0.6632653061224489,0.982,0.09468715100612417,0.9864400000000001,0.976,-0.010440000000000026,0.6904286311666459,0.23106698020886185,-0.371502499590954,0.023238161028960626,0.005522464796669143,0.45936933072103614,baseline_replay,1.0
-0.5612244897959183,1.0,0.0,0.9966700000000001,0.996,-0.0006700000000000183,0.6891833296319974,0.19591996289438768,-0.3734537227318505,0.007239124543617422,0.004161303976549441,0.3820066030107898,baseline_replay,1.0
-0.4591836734693877,1.0,0.0,0.99694,0.9990000000000001,0.0020599999999999672,0.6890576829464728,0.14166356474417713,-0.37383154195460555,0.006491978505664528,0.004799016556460464,0.45286640490051583,baseline_replay,1.0
-0.3571428571428571,0.998,0.01407052941362894,0.9922,0.991,-0.0012000000000000287,0.6907386680800073,0.16250864666358214,-0.37169397945946875,0.014114859227488006,0.004891054775795612,0.367395842360956,baseline_replay,1.0
-0.2551020408163265,0.998,0.019999999999999983,0.9943900000000001,0.991,-0.003390000000000042,0.6924079352815494,0.21240353190849479,-0.36956655748123934,0.009943518784244232,0.0042366858055330105,0.34962680159533055,baseline_replay,1.0
-0.15306122448979587,0.9990000000000001,0.009999999999999997,0.99696,0.998,0.001039999999999981,0.6927792542769091,0.19692871453181354,-0.36913341231481955,0.007860723251146277,0.004457750185201901,0.42234506759828117,baseline_replay,1.0
-0.05102040816326525,0.99,0.06435381994422817,0.99424,0.98,-0.014240000000000015,0.691182143961224,0.18710830423305358,-0.3712544176426318,0.013732234162351949,0.005597327751146564,0.5096040116591499,baseline_replay,1.0
0.05102040816326525,0.983,0.07393007889659366,0.98304,0.956,-0.027040000000000036,0.6883704302374585,0.2835018274602456,-0.3752977317267985,0.02743253670797902,0.006882994281174745,0.6235850379504845,baseline_replay,1.0
0.15306122448979587,0.981,0.07063206700139033,0.9810300000000001,0.9690000000000001,-0.012030000000000023,0.6871361459838892,0.29949909030546906,-0.37749943457243573,0.030207397494631208,0.007052226844706093,0.6504301376534067,baseline_replay,1.0
0.2551020408163265,1.0,0.0,0.99529,0.99,-0.005290000000000025,0.6898782668022447,0.19357389315722348,-0.37419081971972323,0.010636239165240606,0.005451316969596226,0.48338351942704316,baseline_replay,1.0
0.3571428571428571,1.0,0.0,0.9992700000000001,0.9990000000000001,-0.00027000000000000136,0.6929286604277314,0.12915983878384998,-0.37000724347079994,0.001918297711220998,0.0036362255587126056,0.2883770948247726,baseline_replay,1.0
0.4591836734693877,1.0,0.0,0.9941500000000001,0.991,-0.0031500000000000495,0.694388841802924,0.2380425412271406,-0.3679189726768428,0.01009562549813289,0.004379025271044278,0.3745585708858365,baseline_replay,1.0
0.5612244897959183,0.993,0.04323999271157397,0.98292,0.982,-0.0009200000000000219,0.6944353333189156,0.2340705383654256,-0.3680775487683715,0.022735486617419767,0.005321839145025272,0.41941489839642065,baseline_replay,1.0
0.6632653061224489,0.9940000000000001,0.044540300670722746,0.9857,0.986,0.00029999999999998696,0.6931955066078906,0.0818480921483442,-0.3698576360485349,0.01816164196709474,0.004690298754591479,0.29032849862426974,baseline_replay,1.0
0.7653061224489796,0.998,0.019999999999999993,0.9934499999999999,0.992,-0.0014500000000000457,0.6957804166096576,0.15645130601874024,-0.36647810161281535,0.010432605319062559,0.003748481129985769,0.2854760687926162,baseline_replay,1.0
0.8673469387755102,1.0,0.0,0.99494,0.99,-0.004940000000000031,0.6941334619142616,0.2946349247950232,-0.36905536130706545,0.00942424400936642,0.004469901385484139,0.4217595982836613,baseline_replay,1.0
0.9693877551020408,0.988,0.0670895677509559,0.98789,0.986,-0.0018900000000000039,0.6939042193636483,0.2884040704799952,-0.36936104791995705,0.019040894523472764,0.006058675999721697,0.5279140997011456,baseline_replay,1.0
1.0714285714285714,0.975,0.103840398125336,0.98029,0.956,-0.024290000000000013,0.6977514808150884,0.24114455450549857,-0.3638853938418898,0.02959492322414504,0.007399852977207062,0.6333817095167226,baseline_replay,0.98
1.1734693877551021,0.958,0.13346962730951717,0.9720799999999999,0.938,-0.03408000000000002,0.6988616626186166,0.32692810744074213,-0.3626829698126425,0.0382386149443008,0.007754280712377338,0.6889968594718292,baseline_replay,0.97
1.2755102040816326,0.953,0.1344310870733298,0.96962,0.9590000000000001,-0.010620000000000011,0.7126084147573117,0.38235789955838634,-0.3453336809579383,0.03787491289898208,0.007044893466794799,0.5962917994723587,baseline_replay,1.0
1.3775510204081631,0.986,0.06033576087532204,0.9833,0.988,0.004699999999999981,0.7030730248764947,0.2716170808214225,-0.3571372186616215,0.025718517287591135,0.0056823330378667335,0.4320539702824427,baseline_replay,1.0
1.4795918367346939,1.0,0.0,0.9982500000000001,0.998,-0.0002500000000000102,0.7002644245953032,0.0839402553328531,-0.36134633362040425,0.003929720899434394,0.004060812511818234,0.30816410739971084,baseline_replay,1.0
1.5816326530612246,1.0,0.0,0.99512,0.993,-0.0021200000000000364,0.6950126664154628,0.1933913650844456,-0.36904168889672434,0.009121323540581159,0.003617199270667736,0.27114974815181486,baseline_replay,1.0
1.683673469387755,0.992,0.05257029925382168,0.98523,0.987,0.0017699999999999693,0.6947148102254037,0.2504384072856833,-0.3697956672517633,0.021833169000828476,0.004692964519919985,0.31419335404735854,baseline_replay,1.0
1.7857142857142856,0.997,0.022270150335361366,0.9921900000000001,0.9940000000000001,0.0018099999999999672,0.6936657098275312,0.17164056677099002,-0.3713380647323272,0.015740470528752434,0.004998357848697568,0.38778162406746375,baseline_replay,1.0
1.8877551020408163,0.9990000000000001,0.009999999999999997,0.99205,0.988,-0.004050000000000025,0.6896876344057936,0.19299574660951316,-0.3778096711089259,0.017535010531472883,0.005731493632576353,0.4908271059112836,baseline_replay,0.99
1.989795918367347,0.8390000000000001,0.1927446628327359,0.9594,0.953,-0.0064000000000000055,0.696679266973989,0.2951922975476369,-0.3650644358695513,0.04739435305581245,0.00835893344565632,0.6121602634635458,baseline_replay,0.99
2.0918367346938775,0.7020000000000001,0.19795928568238164,0.95711,0.95,-0.007109999999999984,0.7096621308048846,0.2936998568239894,-0.3463881150411464,0.04665434725953558,0.009452791617750473,0.6339553057204756,baseline_replay,0.97
2.193877551020408,0.975,0.09142530206997328,0.9787,0.9640000000000001,-0.014700000000000024,0.6848327566072954,0.2340911038414423,-0.3847742015622032,0.03138669248463183,0.007918035635735841,0.6263192062115016,baseline_replay,0.98
2.295918367346939,0.975,0.12091820425896227,0.98125,0.975,-0.006250000000000013,0.6846480708201247,0.17802016117825853,-0.38426305454610377,0.02863845371296138,0.007154719183509391,0.5262917724574134,baseline_replay,0.99
2.3979591836734695,0.992,0.04644971213662962,0.99336,0.996,0.0026399999999999636,0.6514766099758695,0.10231725398913298,-0.4342174012208128,0.015099522102356808,0.005162979700236525,0.3378467279684517,baseline_replay,0.99
2.5,0.8270000000000001,0.2901949884355885,0.9674600000000001,0.99,0.02253999999999997,0.6344730074837672,0.19162432510405797,-0.45582722389642916,0.05196383966485053,0.01646692255903959,0.4639613039761632,baseline_replay,0.97
