x,true_f,deploy_coverage,selected_est_coverage,deploy_minus_selected_est,alpha_star_mean,alpha_star_sd,gap_to_nominal,selected_est_gap_to_nominal
-1.8877551020408163,1.0551908634361649,0.84,0.9671999999999998,-0.12719999999999987,0.7550000000000001,0.24959563256992248,0.10999999999999999,-0.017199999999999882
-1.5816326530612246,0.5069691785060113,0.84,0.9827999999999996,-0.1427999999999996,0.9610000000000001,0.11625033941516631,0.10999999999999999,-0.03279999999999961
-2.193877551020408,-0.4605713330117863,0.87,0.9644000000000001,-0.09440000000000015,0.6979999999999998,0.2912806969993798,0.07999999999999996,-0.01440000000000019
-2.295918367346939,-0.5472945000967161,0.88,0.9706999999999998,-0.09069999999999978,0.8320000000000001,0.2538113512437968,0.06999999999999995,-0.02069999999999983
-1.989795918367347,0.5396543347943726,0.89,0.9873999999999999,-0.09739999999999993,0.9870000000000002,0.067651812073053,0.05999999999999994,-0.03739999999999999
-1.479591836734694,-0.2629832842487771,0.91,0.9649999999999999,-0.05499999999999983,0.7819999999999997,0.2430363484474425,0.039999999999999925,-0.014999999999999902
-1.173469387755102,-1.3511509742303678,0.92,0.9895999999999998,-0.06959999999999977,0.976,0.09961542211541513,0.029999999999999916,-0.03959999999999986
2.091836734693877,1.0455201744809497,0.94,0.9671999999999997,-0.02719999999999978,0.7460000000000001,0.2753950330750798,0.010000000000000009,-0.01719999999999977
2.5,0.1733176589175135,0.94,0.9791999999999997,-0.03919999999999979,0.8970000000000001,0.21763420334277989,0.010000000000000009,-0.02919999999999978
