x,true_f,deploy_coverage,selected_est_coverage,deploy_minus_selected_est,alpha_star_mean,alpha_star_sd,alpha_0.1000,alpha_0.2000,alpha_0.3000,alpha_0.4000,alpha_0.5000,alpha_0.6000,alpha_0.7000,alpha_0.8000,alpha_0.9000,alpha_1.0000,best_alpha_by_estimated_mean,best_alpha_estimated_coverage,best_alpha_abs_error_to_nominal
-2.295918367346939,-0.5472945000967161,0.88,0.9706999999999998,-0.09069999999999978,0.8320000000000001,0.2538113512437968,1.0,0.9966999999999999,0.9910000000000001,0.9815999999999998,0.9714999999999996,0.9601999999999997,0.9504999999999998,0.9403999999999999,0.9309999999999995,0.9211999999999998,0.7,0.9504999999999998,0.0004999999999998339
-2.193877551020408,-0.4605713330117863,0.87,0.9644000000000001,-0.09440000000000015,0.6979999999999998,0.2912806969993798,0.9989999999999999,0.9915999999999998,0.9789999999999995,0.9630999999999993,0.9474999999999996,0.9310999999999996,0.9160000000000004,0.9045000000000002,0.8927999999999997,0.8815000000000001,0.5,0.9474999999999996,0.002500000000000391
-1.989795918367347,0.5396543347943726,0.89,0.9873999999999999,-0.09739999999999993,0.9870000000000002,0.067651812073053,1.0,0.9998999999999999,0.9997,0.9995999999999999,0.9986999999999999,0.9958999999999998,0.9927999999999997,0.9895999999999998,0.9851999999999995,0.9795,1.0,0.9795,0.02950000000000008
-1.8877551020408163,1.0551908634361649,0.84,0.9671999999999998,-0.12719999999999987,0.7550000000000001,0.24959563256992248,1.0,0.9984999999999998,0.9919,0.9801999999999996,0.9651,0.9477999999999995,0.9324999999999999,0.9171999999999997,0.9034000000000002,0.8895000000000001,0.6,0.9477999999999995,0.002200000000000424
-1.5816326530612246,0.5069691785060113,0.84,0.9827999999999996,-0.1427999999999996,0.9610000000000001,0.11625033941516631,1.0,1.0,1.0,0.9985999999999998,0.9962999999999996,0.9922999999999996,0.9875999999999996,0.9812999999999994,0.9735999999999992,0.9665999999999997,1.0,0.9665999999999997,0.016599999999999726
-1.479591836734694,-0.2629832842487771,0.91,0.9649999999999999,-0.05499999999999983,0.7819999999999997,0.2430363484474425,1.0,0.9985999999999998,0.9927999999999997,0.9823999999999999,0.9659999999999994,0.9509999999999992,0.9350000000000002,0.9240999999999999,0.9095999999999997,0.8949999999999995,0.6,0.9509999999999992,0.0009999999999992237
-1.173469387755102,-1.3511509742303678,0.92,0.9895999999999998,-0.06959999999999977,0.976,0.09961542211541513,1.0,1.0,0.9998999999999999,0.9993999999999998,0.9969999999999999,0.9932999999999997,0.9894999999999996,0.9847999999999999,0.9802999999999996,0.9757999999999996,1.0,0.9757999999999996,0.0257999999999996
2.091836734693877,1.0455201744809497,0.94,0.9671999999999997,-0.02719999999999978,0.7460000000000001,0.2753950330750798,1.0,0.9965999999999998,0.9863999999999996,0.9731999999999995,0.9537999999999996,0.9381,0.9226999999999999,0.9097999999999999,0.9001,0.8890999999999998,0.5,0.9537999999999996,0.0037999999999996925
2.5,0.1733176589175135,0.94,0.9791999999999997,-0.03919999999999979,0.8970000000000001,0.21763420334277989,0.9992,0.9910999999999999,0.982,0.9752,0.9689,0.9632999999999998,0.9560999999999997,0.9502999999999997,0.9438999999999997,0.9382999999999997,0.8,0.9502999999999997,0.0002999999999997449
