x,alpha,count,frequency
-2.295918367346939,0.1,1,0.01
-2.295918367346939,0.2,3,0.03
-2.295918367346939,0.3,3,0.03
-2.295918367346939,0.4,5,0.05
-2.295918367346939,0.5,6,0.06
-2.295918367346939,0.6,5,0.05
-2.295918367346939,0.7,8,0.08
-2.295918367346939,0.8,4,0.04
-2.295918367346939,0.9,2,0.02
-2.295918367346939,1.0,63,0.63
-2.193877551020408,0.1,2,0.02
-2.193877551020408,0.2,7,0.07
-2.193877551020408,0.3,7,0.07
-2.193877551020408,0.4,8,0.08
-2.193877551020408,0.5,13,0.13
-2.193877551020408,0.6,6,0.06
-2.193877551020408,0.7,4,0.04
-2.193877551020408,0.8,12,0.12
-2.193877551020408,0.9,6,0.06
-2.193877551020408,1.0,35,0.35
-1.989795918367347,0.1,0,0.0
-1.989795918367347,0.2,0,0.0
-1.989795918367347,0.3,0,0.0
-1.989795918367347,0.4,0,0.0
-1.989795918367347,0.5,1,0.01
-1.989795918367347,0.6,1,0.01
-1.989795918367347,0.7,0,0.0
-1.989795918367347,0.8,1,0.01
-1.989795918367347,0.9,2,0.02
-1.989795918367347,1.0,95,0.95
-1.8877551020408163,0.1,0,0.0
-1.8877551020408163,0.2,2,0.02
-1.8877551020408163,0.3,5,0.05
-1.8877551020408163,0.4,9,0.09
-1.8877551020408163,0.5,9,0.09
-1.8877551020408163,0.6,8,0.08
-1.8877551020408163,0.7,15,0.15
-1.8877551020408163,0.8,7,0.07
-1.8877551020408163,0.9,4,0.04
-1.8877551020408163,1.0,41,0.41
-1.5816326530612246,0.1,0,0.0
-1.5816326530612246,0.2,0,0.0
-1.5816326530612246,0.3,1,0.01
-1.5816326530612246,0.4,0,0.0
-1.5816326530612246,0.5,1,0.01
-1.5816326530612246,0.6,2,0.02
-1.5816326530612246,0.7,3,0.03
-1.5816326530612246,0.8,3,0.03
-1.5816326530612246,0.9,4,0.04
-1.5816326530612246,1.0,86,0.86
-1.479591836734694,0.1,0,0.0
-1.479591836734694,0.2,2,0.02
-1.479591836734694,0.3,3,0.03
-1.479591836734694,0.4,8,0.08
-1.479591836734694,0.5,7,0.07
-1.479591836734694,0.6,15,0.15
-1.479591836734694,0.7,5,0.05
-1.479591836734694,0.8,7,0.07
-1.479591836734694,0.9,9,0.09
-1.479591836734694,1.0,44,0.44
-1.173469387755102,0.1,0,0.0
-1.173469387755102,0.2,0,0.0
-1.173469387755102,0.3,0,0.0
-1.173469387755102,0.4,2,0.02
-1.173469387755102,0.5,0,0.0
-1.173469387755102,0.6,0,0.0
-1.173469387755102,0.7,3,0.03
-1.173469387755102,0.8,1,0.01
-1.173469387755102,0.9,1,0.01
-1.173469387755102,1.0,93,0.93
2.091836734693877,0.1,0,0.0
2.091836734693877,0.2,4,0.04
2.091836734693877,0.3,8,0.08
2.091836734693877,0.4,8,0.08
2.091836734693877,0.5,9,0.09
2.091836734693877,0.6,9,0.09
2.091836734693877,0.7,7,0.07
2.091836734693877,0.8,6,0.06
2.091836734693877,0.9,4,0.04
2.091836734693877,1.0,45,0.45
2.5,0.1,2,0.02
2.5,0.2,1,0.01
2.5,0.3,1,0.01
2.5,0.4,3,0.03
2.5,0.5,3,0.03
2.5,0.6,5,0.05
2.5,0.7,2,0.02
2.5,0.8,4,0.04
2.5,0.9,3,0.03
2.5,1.0,76,0.76
