x,true_f,deploy_coverage,selected_est_coverage,deploy_minus_selected_est,alpha_star_mean,alpha_star_sd,best_alpha_by_estimated_mean,best_alpha_estimated_coverage,best_alpha_abs_error_to_nominal,failure_type,severity
-1.8877551020408163,1.0551908634361649,0.84,0.9671999999999998,-0.12719999999999987,0.7550000000000001,0.24959563256992248,0.6,0.9477999999999995,0.002200000000000424,transfer_mismatch_priority,0.10999999999999999
-1.5816326530612246,0.5069691785060113,0.84,0.9827999999999996,-0.1427999999999996,0.9610000000000001,0.11625033941516631,1.0,0.9665999999999997,0.016599999999999726,transfer_mismatch_priority,0.10999999999999999
-2.193877551020408,-0.4605713330117863,0.87,0.9644000000000001,-0.09440000000000015,0.6979999999999998,0.2912806969993798,0.5,0.9474999999999996,0.002500000000000391,transfer_mismatch_priority,0.07999999999999996
-2.295918367346939,-0.5472945000967161,0.88,0.9706999999999998,-0.09069999999999978,0.8320000000000001,0.2538113512437968,0.7,0.9504999999999998,0.0004999999999998339,transfer_mismatch_priority,0.06999999999999995
-1.989795918367347,0.5396543347943726,0.89,0.9873999999999999,-0.09739999999999993,0.9870000000000002,0.067651812073053,1.0,0.9795,0.02950000000000008,transfer_mismatch_priority,0.05999999999999994
-1.479591836734694,-0.2629832842487771,0.91,0.9649999999999999,-0.05499999999999983,0.7819999999999997,0.2430363484474425,0.6,0.9509999999999992,0.0009999999999992237,transfer_mismatch_priority,0.039999999999999925
-1.173469387755102,-1.3511509742303678,0.92,0.9895999999999998,-0.06959999999999977,0.976,0.09961542211541513,1.0,0.9757999999999996,0.0257999999999996,transfer_mismatch_priority,0.029999999999999916
2.091836734693877,1.0455201744809497,0.94,0.9671999999999997,-0.02719999999999978,0.7460000000000001,0.2753950330750798,0.5,0.9537999999999996,0.0037999999999996925,mild_or_mixed_undercoverage,0.010000000000000009
2.5,0.1733176589175135,0.94,0.9791999999999997,-0.03919999999999979,0.8970000000000001,0.21763420334277989,0.8,0.9502999999999997,0.0002999999999997449,transfer_mismatch_priority,0.010000000000000009
