x,alpha_0.1000,alpha_0.2000,alpha_0.3000,alpha_0.4000,alpha_0.5000,alpha_0.6000,alpha_0.7000,alpha_0.8000,alpha_0.9000,alpha_1.0000
-2.5,0.999,0.986,0.9790000000000001,0.9579999999999999,0.9460000000000001,0.9350000000000002,0.9270000000000002,0.9179999999999999,0.914,0.9
-2.3979591836734695,1.0,0.998,0.9950000000000001,0.991,0.9879999999999999,0.985,0.982,0.9790000000000001,0.9780000000000001,0.974
-2.295918367346939,1.0,0.999,0.998,0.9950000000000001,0.9870000000000001,0.9810000000000001,0.9790000000000001,0.97,0.9569999999999999,0.944
-2.193877551020408,1.0,0.998,0.99,0.974,0.9530000000000001,0.9259999999999999,0.9029999999999999,0.884,0.865,0.8470000000000001
-2.0918367346938775,1.0,1.0,0.998,0.9970000000000001,0.9960000000000001,0.9950000000000001,0.992,0.9890000000000001,0.9850000000000001,0.9789999999999999
-1.989795918367347,1.0,1.0,1.0,1.0,0.999,0.999,0.9960000000000001,0.9950000000000001,0.9930000000000001,0.992
-1.8877551020408163,1.0,1.0,0.998,0.9890000000000001,0.985,0.978,0.9680000000000002,0.9620000000000001,0.9530000000000001,0.937
-1.7857142857142856,1.0,1.0,0.9950000000000001,0.991,0.9869999999999999,0.983,0.974,0.9730000000000001,0.9700000000000001,0.9599999999999997
-1.683673469387755,1.0,1.0,1.0,1.0,0.998,0.9970000000000001,0.9960000000000001,0.9950000000000001,0.9950000000000001,0.9950000000000001
-1.5816326530612246,1.0,1.0,1.0,1.0,1.0,1.0,0.998,0.9970000000000001,0.9949999999999999,0.99
-1.4795918367346939,1.0,1.0,0.999,0.998,0.9940000000000001,0.9799999999999999,0.967,0.9460000000000001,0.9279999999999999,0.906
-1.3775510204081631,1.0,1.0,1.0,0.999,0.9960000000000001,0.9910000000000002,0.9790000000000001,0.9749999999999999,0.9600000000000002,0.95
-1.2755102040816326,1.0,1.0,1.0,1.0,1.0,0.998,0.9950000000000001,0.991,0.99,0.9880000000000001
-1.1734693877551021,1.0,1.0,1.0,1.0,0.999,0.998,0.998,0.9970000000000001,0.9940000000000001,0.9910000000000002
-1.0714285714285714,1.0,1.0,1.0,1.0,0.999,0.9970000000000001,0.991,0.99,0.9890000000000001,0.985
-0.9693877551020408,1.0,1.0,1.0,1.0,1.0,0.999,0.9970000000000001,0.994,0.992,0.991
-0.8673469387755102,1.0,1.0,1.0,1.0,0.999,0.9949999999999999,0.994,0.992,0.986,0.984
-0.7653061224489796,1.0,1.0,1.0,1.0,0.999,0.9960000000000001,0.9949999999999999,0.993,0.9870000000000001,0.982
-0.6632653061224489,1.0,1.0,1.0,1.0,1.0,0.999,0.9970000000000001,0.994,0.992,0.991
-0.5612244897959183,1.0,1.0,1.0,1.0,1.0,1.0,0.999,0.999,0.999,0.999
-0.4591836734693877,1.0,1.0,1.0,1.0,1.0,1.0,0.998,0.998,0.998,0.998
-0.3571428571428571,1.0,1.0,0.999,0.999,0.998,0.9970000000000001,0.9950000000000001,0.9950000000000001,0.994,0.9930000000000001
-0.2551020408163265,1.0,1.0,1.0,1.0,0.999,0.998,0.9960000000000001,0.9949999999999999,0.993,0.992
-0.15306122448979587,1.0,1.0,1.0,1.0,1.0,1.0,1.0,0.999,0.999,0.998
-0.05102040816326525,1.0,1.0,1.0,1.0,0.999,0.998,0.998,0.9960000000000001,0.9949999999999999,0.994
0.05102040816326525,1.0,1.0,1.0,0.999,0.998,0.994,0.991,0.9870000000000001,0.9869999999999999,0.985
0.15306122448979587,1.0,1.0,1.0,1.0,0.999,0.999,0.9970000000000001,0.99,0.9890000000000001,0.9880000000000001
0.2551020408163265,1.0,1.0,1.0,1.0,1.0,1.0,1.0,0.999,0.999,0.999
0.3571428571428571,1.0,1.0,1.0,1.0,1.0,1.0,1.0,1.0,0.999,0.999
0.4591836734693877,1.0,1.0,0.999,0.9970000000000001,0.9960000000000001,0.9949999999999999,0.993,0.985,0.982,0.9770000000000001
0.5612244897959183,1.0,0.998,0.9960000000000001,0.992,0.9810000000000001,0.9750000000000002,0.9560000000000001,0.9430000000000002,0.93,0.9109999999999999
0.6632653061224489,1.0,0.999,0.9970000000000001,0.9949999999999999,0.986,0.9760000000000002,0.9640000000000001,0.951,0.937,0.9179999999999999
0.7653061224489796,1.0,1.0,1.0,1.0,0.9969999999999999,0.9960000000000001,0.99,0.9880000000000001,0.9870000000000001,0.9830000000000002
0.8673469387755102,1.0,1.0,1.0,1.0,1.0,0.999,0.998,0.9960000000000001,0.9970000000000001,0.9960000000000001
0.9693877551020408,1.0,1.0,1.0,0.999,0.998,0.998,0.9940000000000001,0.9930000000000001,0.992,0.9880000000000001
1.0714285714285714,1.0,1.0,1.0,0.998,0.9960000000000001,0.992,0.9870000000000001,0.9810000000000001,0.9780000000000001,0.974
1.1734693877551021,1.0,1.0,0.999,0.9960000000000001,0.992,0.984,0.9770000000000001,0.966,0.9560000000000001,0.9510000000000002
1.2755102040816326,1.0,1.0,0.998,0.992,0.9789999999999999,0.9719999999999999,0.9639999999999999,0.9519999999999997,0.9359999999999999,0.9229999999999998
1.3775510204081631,1.0,1.0,1.0,0.998,0.9940000000000001,0.991,0.9879999999999999,0.982,0.978,0.9719999999999999
1.4795918367346939,1.0,1.0,1.0,1.0,0.999,0.999,0.998,0.998,0.998,0.998
1.5816326530612246,1.0,1.0,1.0,0.999,0.999,0.999,0.999,0.999,0.998,0.998
1.683673469387755,1.0,1.0,0.999,0.999,0.999,0.998,0.999,0.9970000000000001,0.9949999999999999,0.9890000000000001
1.7857142857142856,1.0,1.0,1.0,1.0,0.999,0.999,0.998,0.9970000000000001,0.9960000000000001,0.993
1.8877551020408163,1.0,1.0,1.0,1.0,1.0,1.0,0.9970000000000001,0.998,0.993,0.991
1.989795918367347,1.0,1.0,0.983,0.9550000000000001,0.925,0.907,0.893,0.8880000000000001,0.881,0.8790000000000001
2.0918367346938775,1.0,0.998,0.969,0.9399999999999998,0.9099999999999999,0.8930000000000001,0.8779999999999999,0.8720000000000001,0.8619999999999999,0.861
2.193877551020408,1.0,1.0,0.999,0.998,0.9959999999999999,0.992,0.99,0.9800000000000001,0.9760000000000002,0.966
2.295918367346939,1.0,0.999,0.999,0.999,0.999,0.998,0.9970000000000001,0.993,0.991,0.9860000000000001
2.3979591836734695,1.0,1.0,1.0,1.0,1.0,1.0,1.0,1.0,0.999,0.998
2.5,0.999,0.9949999999999999,0.9920000000000002,0.9880000000000001,0.9720000000000001,0.9570000000000001,0.9419999999999998,0.925,0.908,0.899
