x,alpha_star
-2.5,0.2
-2.3979591836734695,1.0
-2.295918367346939,0.2
-2.193877551020408,0.3
-2.0918367346938775,1.0
-1.989795918367347,1.0
-1.8877551020408163,0.7
-1.7857142857142856,1.0
-1.683673469387755,1.0
-1.5816326530612246,1.0
-1.4795918367346939,1.0
-1.3775510204081631,1.0
-1.2755102040816326,1.0
-1.1734693877551021,1.0
-1.0714285714285714,1.0
-0.9693877551020408,1.0
-0.8673469387755102,1.0
-0.7653061224489796,1.0
-0.6632653061224489,1.0
-0.5612244897959183,1.0
-0.4591836734693877,1.0
-0.3571428571428571,1.0
-0.2551020408163265,1.0
-0.15306122448979587,1.0
-0.05102040816326525,1.0
0.05102040816326525,1.0
0.15306122448979587,1.0
0.2551020408163265,1.0
0.3571428571428571,1.0
0.4591836734693877,1.0
0.5612244897959183,1.0
0.6632653061224489,1.0
0.7653061224489796,1.0
0.8673469387755102,1.0
0.9693877551020408,1.0
1.0714285714285714,1.0
1.1734693877551021,1.0
1.2755102040816326,1.0
1.3775510204081631,1.0
1.4795918367346939,1.0
1.5816326530612246,1.0
1.683673469387755,1.0
1.7857142857142856,1.0
1.8877551020408163,1.0
1.989795918367347,1.0
2.0918367346938775,1.0
2.193877551020408,1.0
2.295918367346939,1.0
2.3979591836734695,1.0
2.5,1.0
