rep_id,x,alpha_star,alpha_idx,mu,std,lower,upper,selected_calib_cov_cf,selected_dep_cov_pseudo,selected_g_pseudo,selected_width_ratio,selected_center_shift,selected_scale_shift,selected_dir_sd,selected_pseudo_hetero,selected_dep_pseudo_z_mean_abs,strategy,true_f,offline_hit
35,-2.5,0.1,0,0.19094847001543025,0.07148965367184734,0.050831323551367824,0.3310656164794927,0.9789999999999999,1.0,0.02100000000000013,0.6557593558167041,0.5724374258910215,-0.4219613929839719,0.0310733898304571,0.03411829642985543,0.30900506038652864,baseline_replay,0.1733176589175123,1
35,-2.3979591836734695,1.0,9,-0.3004410172625014,0.01205143996589979,-0.3240614055575116,-0.27682062896749116,0.952,1.0,0.04800000000000004,0.6183581444866956,0.4953844786368708,-0.48068746755923764,0.06828046735503664,0.003284464063169637,0.21746367950889853,baseline_replay,-0.2915109938025119,1
35,-2.295918367346939,0.6,5,-0.5447048213231191,0.014867251136439176,-0.5738440980996521,-0.5155655445465862,0.9610000000000001,1.0,0.038999999999999924,0.6923731369352107,0.5070164905522699,-0.3676302534644609,0.05216427044549854,0.007558453813106369,0.34137529622101553,baseline_replay,-0.5472945000967161,1
35,-2.193877551020408,0.5,4,-0.44979827123839,0.014866943695301286,-0.47893694544136534,-0.42065959703541467,0.958,1.0,0.04200000000000004,0.6840330178773915,0.4454265866164794,-0.37974909077405694,0.05533734925185903,0.004438022305976546,0.20447124041108294,baseline_replay,-0.4605713330117863,1
35,-2.0918367346938775,1.0,9,-0.04011740692357309,0.010666023457458191,-0.06102242875845053,-0.019212385088695647,0.9800000000000001,1.0,0.019999999999999907,0.7008549045916876,0.003249949703503895,-0.355454396835649,0.027888667551135844,0.0034450608720806033,0.2824895934596065,baseline_replay,-0.0455496279401461,1
35,-1.989795918367347,1.0,9,0.5354148917275007,0.010723760763795562,0.5143967068516376,0.5564330766033637,0.982,1.0,0.018000000000000016,0.703199426695281,0.5218295854754967,-0.35211474789125136,0.02394437999475729,0.004968123554157884,0.3516674603830313,baseline_replay,0.5396543347943726,1
35,-1.8877551020408163,0.8,7,1.0480401408015834,0.011406353635375203,1.0256840984813205,1.0703961831218463,0.9530000000000001,1.0,0.04699999999999993,0.6967607068091843,0.5822166882588272,-0.3613132459506557,0.03164033993355808,0.003799504515622104,0.2616408484952703,baseline_replay,1.0551908634361649,1
35,-1.7857142857142856,1.0,9,1.2740976696203314,0.010595165713289091,1.2533315264120513,1.2948638128286116,0.9670000000000002,1.0,0.03299999999999981,0.7045818372408456,0.3722296534482126,-0.3501507908116615,0.030203016773531453,0.002310213718484838,0.16761644851969631,baseline_replay,1.2754287838225962,1
35,-1.683673469387755,1.0,9,1.0868392127360524,0.010704292327297287,1.0658591852945614,1.1078192401775435,0.998,1.0,0.0020000000000000018,0.7070630314631298,0.022655392751819086,-0.34663546364629455,0.004216370213557844,0.0025794503282185687,0.19138776744391578,baseline_replay,1.080510899209705,1
35,-1.5816326530612246,1.0,9,0.5148376428737232,0.010665262123665115,0.49393411322566044,0.535741172521786,0.9880000000000001,1.0,0.0119999999999999,0.7021521775262257,0.32259859110764266,-0.3536051213461993,0.007888106377466161,0.00365449031574732,0.2682833739451006,baseline_replay,0.5069691785060113,1
35,-1.4795918367346939,0.8,7,-0.2613758450775311,0.011237081681489007,-0.28340012046458435,-0.23935156969047783,0.954,1.0,0.04600000000000004,0.6963480296891055,0.3914768531407665,-0.3619057009706246,0.04623610902506587,0.004104438476963642,0.26946016647068666,baseline_replay,-0.2629832842487771,1
35,-1.3775510204081631,1.0,9,-0.9764447746484247,0.010563323136711362,-0.9971485075534376,-0.9557410417434118,0.9600000000000002,1.0,0.039999999999999813,0.6958130316214967,0.3042735191723146,-0.3626742874636869,0.03972125095937661,0.0032738818267171125,0.2400965503044287,baseline_replay,-0.9695840625665644,1
35,-1.2755102040816326,1.0,9,-1.3843748408109182,0.010546638123363853,-1.4050458716906884,-1.363703809931148,0.994,1.0,0.006000000000000005,0.6926665701359978,0.06770508925894332,-0.3672065353520065,0.006992058987801016,0.0024898746813665313,0.24140710731514892,baseline_replay,-1.374410932157454,1
35,-1.1734693877551021,1.0,9,-1.3558556837484776,0.010580355979629735,-1.376592800412165,-1.3351185670847903,0.983,1.0,0.017000000000000015,0.6903137700337862,0.17896908117402777,-0.3706090455739633,0.01159501808728407,0.0029430406593788207,0.26875101669179513,baseline_replay,-1.3511509742303678,1
35,-1.0714285714285714,1.0,9,-0.9275418338454152,0.01065917480763608,-0.9484334325732986,-0.9066502351175318,0.977,1.0,0.02300000000000002,0.6888734579290858,0.335178195575137,-0.37269768531640984,0.026267851073127374,0.003197928828141484,0.24570182762489678,baseline_replay,-0.9325632504889808,1
35,-0.9693877551020408,1.0,9,-0.28338845275631075,0.01070781163115718,-0.3043753779066179,-0.2624015276060036,0.9810000000000001,1.0,0.018999999999999906,0.6876515246851157,0.3562261934191021,-0.37447307418383546,0.028067379246694512,0.0040222977592166975,0.2998468381227782,baseline_replay,-0.2952807950957102,1
35,-0.8673469387755102,1.0,9,0.32246156682242166,0.010708024770669844,0.301474223926346,0.34344890971849734,0.983,1.0,0.017000000000000015,0.6864484507630788,0.26504153442010614,-0.37622414652346575,0.017669811040931443,0.005260632246328027,0.4305815514364203,baseline_replay,0.311308491168385,1
35,-0.7653061224489796,1.0,9,0.6678850644965422,0.010667323042479195,0.6469774955218287,0.6887926334712556,0.976,1.0,0.02400000000000002,0.6831673152775745,0.1340231053594527,-0.3810154782880464,0.032727833889689535,0.005074388263878172,0.4005916716159428,baseline_replay,0.6637657204454745,1
35,-0.6632653061224489,1.0,9,0.6483384968840668,0.010581266320007235,0.6275995959860259,0.6690773977821076,0.9870000000000001,1.0,0.0129999999999999,0.6773013198531398,0.04399828525243001,-0.38963902406520134,0.014944341180973276,0.0033420578209827395,0.22921209442686896,baseline_replay,0.6517193693582644,1
35,-0.5612244897959183,1.0,9,0.3130474881566542,0.010533060814604365,0.2924030683130595,0.33369190800024884,0.999,1.0,0.0010000000000000009,0.6714962210179369,0.03499005696753293,-0.3982468907071484,0.0031622776601683816,0.0024361209770269094,0.18313506684363542,baseline_replay,0.3189482069057464,1
35,-0.4591836734693877,1.0,9,-0.1600308145305683,0.01062314309527777,-0.18085179239992807,-0.13920983666120854,0.9970000000000001,1.0,0.0029999999999998916,0.671303536101375,0.08880416221881038,-0.3985338805086646,0.004830458915396484,0.002884027457550165,0.2095503077457046,baseline_replay,-0.1576321841759603,1
35,-0.3571428571428571,1.0,9,-0.5387648401623102,0.01077425914275716,-0.5598820000422157,-0.5176476802824047,0.992,1.0,0.008000000000000007,0.6739677336609506,0.15394232105334593,-0.3945730421223771,0.010327955589886454,0.002338196167862405,0.17964926981522067,baseline_replay,-0.5423961844907106,1
35,-0.2551020408163265,1.0,9,-0.631415878540064,0.010834148315472185,-0.6526504190415547,-0.6101813380385732,0.9870000000000001,1.0,0.0129999999999999,0.6715433752397958,0.18981168466921364,-0.3981766705557718,0.015670212364724226,0.0022315638972659007,0.1435011091122323,baseline_replay,-0.6389010549420908,1
35,-0.15306122448979587,1.0,9,-0.3650184425466041,0.010788718230837787,-0.38616394171839685,-0.34387294337481134,0.9950000000000001,1.0,0.004999999999999893,0.666397385143838,0.19212492447352056,-0.405869111990988,0.007071067811865481,0.0034994888064440945,0.24253863741204906,baseline_replay,-0.3719649518252275,1
35,-0.05102040816326525,1.0,9,0.18251351142701633,0.010719014310520688,0.16150462942862634,0.20352239342540632,0.998,1.0,0.0020000000000000018,0.6615893782966101,0.1829984037829287,-0.4131101899713474,0.004216370213557844,0.004378121543471774,0.2693928625623393,baseline_replay,0.1790462730010161,1
35,0.05102040816326525,1.0,9,0.8096397246142534,0.010682991323657139,0.7887014463727315,0.8305780028557752,0.992,1.0,0.008000000000000007,0.6589675186835129,0.18678300681439464,-0.4170810344902436,0.013165611772087676,0.004947974639674214,0.3946428647654728,baseline_replay,0.8092627090482569,1
35,0.15306122448979587,1.0,9,1.2683968670539187,0.010709771291147098,1.2474061010406094,1.289387633067228,0.9870000000000001,1.0,0.0129999999999999,0.6596288007077842,0.20935724088021185,-0.4160780253509244,0.016363916944844785,0.005128189707098982,0.4320896539610051,baseline_replay,1.2683795573686838,1
35,0.2551020408163265,1.0,9,1.3622053448750129,0.01078935822696547,1.3410585913338595,1.3833520984161662,0.9970000000000001,1.0,0.0029999999999998916,0.661999741904332,0.2346086991847498,-0.4124901129178212,0.004830458915396484,0.004143444828538782,0.3421714234370209,baseline_replay,1.360071377459285,1
35,0.3571428571428571,1.0,9,1.025730527004968,0.010859685915171882,1.0044459337278142,1.0470151202821216,1.0,1.0,0.0,0.6618389870266028,0.2365120060030302,-0.41273297464259084,0.0,0.002327376335021604,0.2122964578062192,baseline_replay,1.0212667804453497,1
35,0.4591836734693877,1.0,9,0.35437700841224073,0.010865396312278609,0.3330812229624203,0.37567279386206115,0.9930000000000001,1.0,0.006999999999999895,0.6578643696451467,0.19570667214009504,-0.41875649406288307,0.008232726023485652,0.0020236610664084906,0.18369957583993718,baseline_replay,0.3496769836430552,1
35,0.5612244897959183,1.0,9,-0.42932103600822114,0.010799282619490452,-0.4504872410012918,-0.4081548310151505,0.985,1.0,0.015000000000000013,0.651398149794423,0.11071245856821994,-0.4286342264964747,0.017159383568311683,0.0025792158106138427,0.15622255556325612,baseline_replay,-0.4315858028530012,1
35,0.6632653061224489,1.0,9,-1.0598137855166188,0.010686492463715482,-1.0807589258665597,-1.0388686451666778,0.9850000000000001,1.0,0.014999999999999902,0.641648284213877,0.00559918321269988,-0.44371496931709337,0.018408935028645452,0.0021160704392517936,0.1234348856522511,baseline_replay,-1.0585661566524274,1
35,0.7653061224489796,1.0,9,-1.3301108814581633,0.010586143981380879,-1.3508593423968251,-1.3093624205195014,0.994,1.0,0.006000000000000005,0.6310458315531973,0.06794999043716798,-0.46037678587224884,0.008432740427115686,0.0016477651062257025,0.1651354670436962,baseline_replay,-1.326992505452922,1
35,0.8673469387755102,1.0,9,-1.1706209712564166,0.010588128653425085,-1.1913733220808063,-1.149868620432027,0.998,1.0,0.0020000000000000018,0.627853725572537,0.050699361220837284,-0.46544806070709616,0.004216370213557843,0.00264327515695766,0.21683323366775764,baseline_replay,-1.169247502982247,1
35,0.9693877551020408,1.0,9,-0.6739576173574177,0.010722577889442534,-0.6949734838421505,-0.6529417508726848,0.991,1.0,0.009000000000000008,0.6344206628436065,0.08819569980319612,-0.4550430385052674,0.01449137674618945,0.004269226618973809,0.3227486049819802,baseline_replay,-0.6775980524984555,1
35,1.0714285714285714,1.0,9,-0.05573626311945938,0.010903893497917878,-0.07710750166663889,-0.03436502457227987,0.9830000000000002,1.0,0.016999999999999793,0.6434329989481282,0.31560449529261286,-0.4409373771055201,0.016363916944844785,0.005645351789695431,0.4233876849141122,baseline_replay,-0.0647957722538648,1
35,1.1734693877551021,1.0,9,0.4331749696524071,0.011026250667743993,0.41156391545911813,0.45478602384569605,0.9650000000000001,1.0,0.03499999999999992,0.6489719659043692,0.5297325200657892,-0.4323657590440343,0.04222953153106642,0.005994949488945068,0.49725455168331434,baseline_replay,0.4220476385156321,1
35,1.2755102040816326,1.0,9,0.6078361709128359,0.0110272942543732,0.586223071327339,0.6294492704983329,0.9559999999999998,1.0,0.04400000000000015,0.6492368579007487,0.6094871222901542,-0.43195767061450563,0.05719362823873925,0.00523251130597688,0.4504965517147608,baseline_replay,0.5999526346714462,1
35,1.3775510204081631,1.0,9,0.4228556103900657,0.010863877768123288,0.40156280123209864,0.44414841954803275,0.977,1.0,0.02300000000000002,0.6410379908554568,0.48822870460701717,-0.44466655571251623,0.030930028559098776,0.004093691235547827,0.3459609403276608,baseline_replay,0.4217810386404098,1
35,1.4795918367346939,1.0,9,-0.011721250273753328,0.010614973996223728,-0.03252621700318105,0.009083716455674393,0.998,1.0,0.0020000000000000018,0.6265852495799584,0.21234704411381783,-0.4674704411497475,0.004216370213557843,0.0029515511307376847,0.1988625808303415,baseline_replay,-0.0072289608797654,1
35,1.5816326530612246,1.0,9,-0.47874744346958087,0.01060508601164371,-0.49953303010535205,-0.4579618568338097,0.9960000000000001,1.0,0.0039999999999998925,0.6233680166513671,0.0632970900794689,-0.4726182176628689,0.006992058987801017,0.001692613879818527,0.12763982275258132,baseline_replay,-0.4744659255018634,1
35,1.683673469387755,1.0,9,-0.7461901567384825,0.01101765463259975,-0.767784363012479,-0.7245959504644861,0.9880000000000001,1.0,0.0119999999999999,0.6430860781361688,0.16558824955360318,-0.4414766941301176,0.01316561177208768,0.001993679843142957,0.12509675731095707,baseline_replay,-0.7483143468219203,1
35,1.7857142857142856,1.0,9,-0.6645269607997828,0.011436207015713276,-0.6869415146703252,-0.6421124069292404,0.9960000000000001,1.0,0.0039999999999998925,0.667119052088643,0.019813530394650777,-0.4047867601052443,0.006992058987801017,0.0034038870513273425,0.20630356320995294,baseline_replay,-0.6744270405410513,1
35,1.8877551020408163,1.0,9,-0.22896501142809791,0.011498875182841232,-0.25150239264918817,-0.20642763020700766,0.9940000000000001,1.0,0.005999999999999894,0.6673340570385509,0.2985754746835231,-0.40446452330231547,0.010749676997731408,0.004849512791380033,0.291758185521,baseline_replay,-0.2412659271794137,1
35,1.989795918367347,0.7,6,0.41815942996413125,0.01206360391078109,0.39451520077524377,0.4418036591530187,0.959,1.0,0.041000000000000036,0.6506031388939226,0.5561599540008539,-0.4298554403404422,0.06657493689236378,0.006562026546532565,0.46239563437612646,baseline_replay,0.4115138948329463,1
35,2.0918367346938775,0.7,6,1.0436566157393268,0.012233379554797436,1.019679632402715,1.0676335990759385,0.951,1.0,0.049000000000000044,0.6432889409506483,0.6215682485823864,-0.44116129183583785,0.05606543795720616,0.0075439320090054975,0.5410427377985375,baseline_replay,1.0455201744809497,1
35,2.193877551020408,1.0,9,1.4131420476724152,0.011489818595413441,1.3906224170365062,1.4356616783083243,0.977,1.0,0.02300000000000002,0.6055746608382464,0.45422496839547993,-0.501577419150648,0.03128720008068618,0.00689606043757605,0.5635334694394035,baseline_replay,1.4163655110877331,1
35,2.295918367346939,1.0,9,1.3767426824014928,0.012722044111832724,1.3518079341325708,1.4016774306704147,0.983,1.0,0.017000000000000015,0.6261470931839261,0.16372313200630817,-0.46816996234663916,0.04029061098237819,0.005572098724797953,0.4187512428117547,baseline_replay,1.3700412059766047,1
35,2.3979591836734695,1.0,9,0.917989729376718,0.013224067337909491,0.8920710336652828,0.9439084250881531,0.993,1.0,0.007000000000000006,0.6027613179917899,0.08511191974924699,-0.5062339848399279,0.01636391694484478,0.004154046695321757,0.22046881070282018,baseline_replay,0.90471006717992,1
35,2.5,1.0,9,0.15075392728345224,0.02699196726134647,0.09785064357932893,0.20365721098757555,0.9629999999999999,1.0,0.037000000000000144,0.596321921524332,0.25227573057302455,-0.5169746209523625,0.06600505031182588,0.00674669310333725,0.2697597677768906,baseline_replay,0.1733176589175135,1
