x,alpha_1.0000,alpha_0.8000,alpha_0.6000,alpha_0.5000,alpha_0.3000,alpha_0.1000,alpha_0.0010
-2.5,0.202,0.268,0.45,0.592,0.948,1.0,1.0
-2.3979591836734695,1.0,1.0,1.0,1.0,1.0,1.0,1.0
-2.295918367346939,0.0,0.0,0.008,0.034,0.72,1.0,1.0
-2.193877551020408,0.0,0.0,0.0,0.0,0.04,1.0,1.0
-2.0918367346938775,0.094,0.338,0.838,0.958,1.0,1.0,1.0
-1.989795918367347,1.0,1.0,1.0,1.0,1.0,1.0,1.0
-1.8877551020408163,0.946,0.998,1.0,1.0,1.0,1.0,1.0
-1.7857142857142856,0.93,1.0,1.0,1.0,1.0,1.0,1.0
-1.683673469387755,1.0,1.0,1.0,1.0,1.0,1.0,1.0
-1.5816326530612246,1.0,1.0,1.0,1.0,1.0,1.0,1.0
-1.4795918367346939,0.88,0.984,1.0,1.0,1.0,1.0,1.0
-1.3775510204081631,1.0,1.0,1.0,1.0,1.0,1.0,1.0
-1.2755102040816326,1.0,1.0,1.0,1.0,1.0,1.0,1.0
-1.1734693877551021,0.812,0.976,1.0,1.0,1.0,1.0,1.0
-1.0714285714285714,0.894,0.996,1.0,1.0,1.0,1.0,1.0
-0.9693877551020408,1.0,1.0,1.0,1.0,1.0,1.0,1.0
-0.8673469387755102,1.0,1.0,1.0,1.0,1.0,1.0,1.0
-0.7653061224489796,0.86,0.994,1.0,1.0,1.0,1.0,1.0
-0.6632653061224489,0.996,1.0,1.0,1.0,1.0,1.0,1.0
-0.5612244897959183,1.0,1.0,1.0,1.0,1.0,1.0,1.0
-0.4591836734693877,1.0,1.0,1.0,1.0,1.0,1.0,1.0
-0.3571428571428571,1.0,1.0,1.0,1.0,1.0,1.0,1.0
-0.2551020408163265,1.0,1.0,1.0,1.0,1.0,1.0,1.0
-0.15306122448979587,1.0,1.0,1.0,1.0,1.0,1.0,1.0
-0.05102040816326525,1.0,1.0,1.0,1.0,1.0,1.0,1.0
0.05102040816326525,1.0,1.0,1.0,1.0,1.0,1.0,1.0
0.15306122448979587,1.0,1.0,1.0,1.0,1.0,1.0,1.0
0.2551020408163265,1.0,1.0,1.0,1.0,1.0,1.0,1.0
0.3571428571428571,1.0,1.0,1.0,1.0,1.0,1.0,1.0
0.4591836734693877,1.0,1.0,1.0,1.0,1.0,1.0,1.0
0.5612244897959183,1.0,1.0,1.0,1.0,1.0,1.0,1.0
0.6632653061224489,1.0,1.0,1.0,1.0,1.0,1.0,1.0
0.7653061224489796,1.0,1.0,1.0,1.0,1.0,1.0,1.0
0.8673469387755102,1.0,1.0,1.0,1.0,1.0,1.0,1.0
0.9693877551020408,1.0,1.0,1.0,1.0,1.0,1.0,1.0
1.0714285714285714,1.0,1.0,1.0,1.0,1.0,1.0,1.0
1.1734693877551021,1.0,1.0,1.0,1.0,1.0,1.0,1.0
1.2755102040816326,1.0,1.0,1.0,1.0,1.0,1.0,1.0
1.3775510204081631,1.0,1.0,1.0,1.0,1.0,1.0,1.0
1.4795918367346939,1.0,1.0,1.0,1.0,1.0,1.0,1.0
1.5816326530612246,1.0,1.0,1.0,1.0,1.0,1.0,1.0
1.683673469387755,1.0,1.0,1.0,1.0,1.0,1.0,1.0
1.7857142857142856,1.0,1.0,1.0,1.0,1.0,1.0,1.0
1.8877551020408163,1.0,1.0,1.0,1.0,1.0,1.0,1.0
1.989795918367347,1.0,1.0,1.0,1.0,1.0,1.0,1.0
2.0918367346938775,1.0,1.0,1.0,1.0,1.0,1.0,1.0
2.193877551020408,1.0,1.0,1.0,1.0,1.0,1.0,1.0
2.295918367346939,1.0,1.0,1.0,1.0,1.0,1.0,1.0
2.3979591836734695,1.0,1.0,1.0,1.0,1.0,1.0,1.0
2.5,1.0,1.0,1.0,1.0,1.0,1.0,1.0
