x,alpha_0.066667,alpha_0.133333,alpha_0.200000,alpha_0.266667,alpha_0.333333,alpha_0.400000,alpha_0.466667,alpha_0.533333,alpha_0.600000,alpha_0.666667,alpha_0.733333,alpha_0.800000,alpha_0.866667,alpha_0.933333,alpha_1.000000
-2.5,1.0,0.99,0.99,0.99,0.99,0.99,0.99,0.99,0.98,0.94,0.94,0.94,0.92,0.92,0.92
-2.397959183673469,1.0,1.0,1.0,1.0,1.0,1.0,1.0,1.0,1.0,0.99,0.99,0.99,0.99,0.99,0.99
-2.295918367346939,1.0,1.0,0.99,0.99,0.99,0.99,0.98,0.95,0.94,0.93,0.92,0.9,0.9,0.88,0.88
-2.193877551020408,1.0,0.99,0.99,0.97,0.94,0.92,0.89,0.88,0.87,0.84,0.81,0.78,0.76,0.73,0.71
-2.091836734693877,1.0,1.0,1.0,1.0,1.0,1.0,1.0,1.0,0.99,0.99,0.99,0.99,0.99,0.99,0.99
-1.989795918367347,1.0,1.0,1.0,1.0,1.0,1.0,0.99,0.98,0.96,0.95,0.93,0.93,0.9,0.89,0.88
-1.8877551020408163,1.0,0.99,0.98,0.95,0.92,0.89,0.86,0.86,0.86,0.85,0.81,0.8,0.76,0.73,0.71
-1.7857142857142856,1.0,1.0,1.0,0.99,0.99,0.99,0.99,0.99,0.99,0.98,0.98,0.98,0.97,0.95,0.94
-1.683673469387755,1.0,1.0,1.0,1.0,1.0,1.0,1.0,1.0,1.0,1.0,1.0,1.0,1.0,1.0,1.0
-1.5816326530612246,1.0,1.0,1.0,1.0,0.99,0.98,0.94,0.92,0.89,0.86,0.86,0.86,0.84,0.83,0.81
-1.479591836734694,1.0,1.0,0.99,0.99,0.99,0.98,0.97,0.94,0.94,0.93,0.92,0.91,0.91,0.9,0.88
-1.3775510204081631,1.0,1.0,1.0,1.0,1.0,1.0,1.0,1.0,1.0,1.0,1.0,0.99,0.99,0.99,0.99
-1.2755102040816326,1.0,1.0,1.0,1.0,1.0,1.0,1.0,1.0,1.0,1.0,1.0,1.0,1.0,0.99,0.99
-1.173469387755102,1.0,1.0,1.0,1.0,1.0,0.99,0.99,0.99,0.99,0.99,0.97,0.94,0.95,0.93,0.92
-1.0714285714285714,1.0,1.0,1.0,1.0,1.0,0.99,0.99,0.99,0.99,0.99,0.99,0.99,0.99,0.99,0.99
-0.9693877551020408,1.0,1.0,1.0,1.0,1.0,1.0,1.0,1.0,1.0,1.0,1.0,1.0,1.0,1.0,1.0
-0.8673469387755102,1.0,1.0,1.0,1.0,1.0,1.0,1.0,1.0,1.0,0.99,0.99,0.99,0.99,0.98,0.98
-0.7653061224489796,1.0,1.0,1.0,1.0,1.0,1.0,1.0,1.0,1.0,1.0,1.0,1.0,1.0,1.0,0.99
-0.6632653061224489,1.0,1.0,1.0,1.0,1.0,1.0,1.0,1.0,1.0,1.0,1.0,1.0,1.0,1.0,1.0
-0.5612244897959183,1.0,1.0,1.0,1.0,1.0,1.0,1.0,1.0,1.0,1.0,1.0,1.0,1.0,1.0,1.0
-0.4591836734693877,1.0,1.0,1.0,1.0,1.0,1.0,1.0,1.0,1.0,1.0,1.0,1.0,1.0,1.0,1.0
-0.3571428571428571,1.0,1.0,1.0,1.0,1.0,1.0,1.0,1.0,1.0,1.0,1.0,1.0,1.0,1.0,1.0
-0.2551020408163265,1.0,1.0,1.0,1.0,1.0,1.0,1.0,1.0,1.0,1.0,1.0,1.0,1.0,1.0,1.0
-0.1530612244897958,1.0,1.0,1.0,1.0,1.0,1.0,1.0,1.0,1.0,1.0,1.0,1.0,1.0,1.0,1.0
-0.0510204081632652,1.0,1.0,1.0,1.0,1.0,1.0,1.0,1.0,1.0,1.0,1.0,1.0,1.0,1.0,1.0
0.0510204081632652,1.0,1.0,1.0,1.0,1.0,1.0,1.0,1.0,1.0,1.0,1.0,1.0,1.0,1.0,1.0
0.1530612244897958,1.0,1.0,1.0,1.0,1.0,1.0,1.0,1.0,1.0,1.0,1.0,1.0,0.99,0.99,0.97
0.2551020408163265,1.0,1.0,1.0,1.0,1.0,1.0,1.0,1.0,1.0,1.0,1.0,1.0,1.0,1.0,1.0
0.3571428571428571,1.0,1.0,1.0,1.0,1.0,1.0,1.0,1.0,1.0,1.0,1.0,1.0,1.0,1.0,1.0
0.4591836734693877,1.0,1.0,1.0,1.0,1.0,1.0,1.0,1.0,1.0,1.0,1.0,1.0,1.0,1.0,1.0
0.5612244897959183,1.0,1.0,1.0,1.0,1.0,1.0,1.0,1.0,1.0,1.0,1.0,1.0,1.0,1.0,1.0
0.6632653061224489,1.0,1.0,1.0,1.0,1.0,1.0,1.0,1.0,1.0,1.0,1.0,1.0,1.0,1.0,1.0
0.7653061224489796,1.0,1.0,1.0,1.0,1.0,1.0,1.0,1.0,1.0,1.0,1.0,1.0,1.0,1.0,1.0
0.8673469387755102,1.0,1.0,1.0,1.0,1.0,1.0,1.0,1.0,1.0,1.0,1.0,1.0,1.0,1.0,1.0
0.9693877551020408,1.0,1.0,1.0,1.0,1.0,1.0,1.0,1.0,1.0,1.0,1.0,1.0,1.0,1.0,1.0
1.0714285714285714,1.0,1.0,1.0,1.0,1.0,1.0,1.0,1.0,1.0,1.0,1.0,1.0,1.0,1.0,1.0
1.173469387755102,1.0,1.0,1.0,1.0,1.0,1.0,1.0,1.0,1.0,1.0,1.0,1.0,1.0,1.0,1.0
1.2755102040816326,1.0,1.0,1.0,1.0,1.0,1.0,1.0,1.0,1.0,1.0,1.0,1.0,1.0,1.0,1.0
1.3775510204081631,1.0,1.0,1.0,1.0,1.0,1.0,1.0,1.0,1.0,1.0,1.0,1.0,1.0,1.0,1.0
1.479591836734694,1.0,1.0,1.0,1.0,1.0,1.0,1.0,1.0,1.0,1.0,1.0,1.0,1.0,1.0,1.0
1.5816326530612246,1.0,1.0,1.0,1.0,1.0,1.0,1.0,1.0,1.0,1.0,1.0,1.0,1.0,1.0,1.0
1.683673469387755,1.0,1.0,1.0,1.0,1.0,1.0,1.0,1.0,1.0,1.0,1.0,1.0,1.0,1.0,1.0
1.7857142857142856,1.0,1.0,1.0,1.0,1.0,1.0,1.0,1.0,1.0,1.0,1.0,1.0,1.0,1.0,1.0
1.8877551020408163,1.0,1.0,1.0,1.0,1.0,1.0,1.0,1.0,1.0,1.0,1.0,1.0,1.0,1.0,1.0
1.989795918367347,1.0,1.0,1.0,1.0,1.0,1.0,1.0,0.99,0.99,0.98,0.99,0.99,0.98,0.97,0.97
2.091836734693877,1.0,1.0,1.0,0.99,0.97,0.96,0.96,0.95,0.94,0.93,0.94,0.94,0.92,0.92,0.9
2.193877551020408,1.0,1.0,1.0,1.0,1.0,1.0,0.99,0.99,0.97,0.98,0.97,0.96,0.98,0.95,0.96
2.295918367346939,1.0,1.0,1.0,1.0,1.0,1.0,1.0,1.0,1.0,1.0,1.0,1.0,1.0,1.0,1.0
2.397959183673469,1.0,1.0,1.0,1.0,1.0,1.0,1.0,1.0,1.0,1.0,1.0,1.0,1.0,1.0,0.99
2.5,1.0,1.0,1.0,1.0,0.99,0.99,0.99,0.99,0.99,0.99,0.99,0.99,0.99,0.96,0.95
