x,alpha_0.066667,alpha_0.133333,alpha_0.200000,alpha_0.266667,alpha_0.333333,alpha_0.400000,alpha_0.466667,alpha_0.533333,alpha_0.600000,alpha_0.666667,alpha_0.733333,alpha_0.800000,alpha_0.866667,alpha_0.933333,alpha_1.000000
-2.5,1,1,1,1,1,1,1,1,1,1,1,1,1,1,1
-2.3979591836734695,1,1,1,1,1,1,1,1,1,1,1,1,1,1,1
-2.295918367346939,1,1,1,1,1,1,1,1,1,1,1,1,1,1,1
-2.193877551020408,1,1,1,1,1,1,1,1,1,1,1,1,1,0,0
-2.0918367346938775,1,1,1,1,1,1,1,1,1,1,1,1,1,1,1
-1.989795918367347,1,1,1,1,1,1,1,1,1,1,1,1,1,1,1
-1.8877551020408163,1,1,1,1,1,1,1,1,1,1,1,1,1,1,0
-1.7857142857142856,1,1,1,1,1,1,1,1,1,1,1,1,1,1,1
-1.683673469387755,1,1,1,1,1,1,1,1,1,1,1,1,1,1,1
-1.5816326530612246,1,1,1,1,1,1,1,1,1,1,1,1,1,1,1
-1.4795918367346939,1,1,1,1,1,1,1,1,1,1,1,1,1,1,1
-1.3775510204081631,1,1,1,1,1,1,1,1,1,1,1,1,1,1,1
-1.2755102040816326,1,1,1,1,1,1,1,1,1,1,1,1,1,1,1
-1.1734693877551021,1,1,1,1,1,1,1,1,1,1,1,1,1,1,1
-1.0714285714285714,1,1,1,1,1,1,1,1,1,1,1,1,1,1,1
-0.9693877551020408,1,1,1,1,1,1,1,1,1,1,1,1,1,1,1
-0.8673469387755102,1,1,1,1,1,1,1,1,1,1,1,1,1,1,1
-0.7653061224489796,1,1,1,1,1,1,1,1,1,1,1,1,1,1,1
-0.6632653061224489,1,1,1,1,1,1,1,1,1,1,1,1,1,1,1
-0.5612244897959183,1,1,1,1,1,1,1,1,1,1,1,1,1,1,1
-0.4591836734693877,1,1,1,1,1,1,1,1,1,1,1,1,1,1,1
-0.3571428571428571,1,1,1,1,1,1,1,1,1,1,1,1,1,1,1
-0.2551020408163265,1,1,1,1,1,1,1,1,1,1,1,1,1,1,1
-0.15306122448979587,1,1,1,1,1,1,1,1,1,1,1,1,1,1,1
-0.05102040816326525,1,1,1,1,1,1,1,1,1,1,1,1,1,1,1
0.05102040816326525,1,1,1,1,1,1,1,1,1,1,1,1,1,1,1
0.15306122448979587,1,1,1,1,1,1,1,1,1,1,1,1,1,1,1
0.2551020408163265,1,1,1,1,1,1,1,1,1,1,1,1,1,1,1
0.3571428571428571,1,1,1,1,1,1,1,1,1,1,1,1,1,1,1
0.4591836734693877,1,1,1,1,1,1,1,1,1,1,1,1,1,1,1
0.5612244897959183,1,1,1,1,1,1,1,1,1,1,1,1,1,1,1
0.6632653061224489,1,1,1,1,1,1,1,1,1,1,1,1,1,1,1
0.7653061224489796,1,1,1,1,1,1,1,1,1,1,1,1,1,1,1
0.8673469387755102,1,1,1,1,1,1,1,1,1,1,1,1,1,1,1
0.9693877551020408,1,1,1,1,1,1,1,1,1,1,1,1,1,1,1
1.0714285714285714,1,1,1,1,1,1,1,1,1,1,1,1,1,1,1
1.1734693877551021,1,1,1,1,1,1,1,1,1,1,1,1,1,1,1
1.2755102040816326,1,1,1,1,1,1,1,1,1,1,1,1,1,1,1
1.3775510204081631,1,1,1,1,1,1,1,1,1,1,1,1,1,1,1
1.4795918367346939,1,1,1,1,1,1,1,1,1,1,1,1,1,1,1
1.5816326530612246,1,1,1,1,1,1,1,1,1,1,1,1,1,1,1
1.683673469387755,1,1,1,1,1,1,1,1,1,1,1,1,1,1,1
1.7857142857142856,1,1,1,1,1,1,1,1,1,1,1,1,1,1,1
1.8877551020408163,1,1,1,1,1,1,1,1,1,1,1,1,1,1,1
1.989795918367347,1,1,1,1,1,1,1,1,1,1,1,1,1,1,1
2.0918367346938775,1,1,1,1,1,1,1,1,1,1,1,1,1,1,1
2.193877551020408,1,1,1,1,1,1,1,1,1,1,1,1,1,1,1
2.295918367346939,1,1,1,1,1,1,1,1,1,1,1,1,1,1,1
2.3979591836734695,1,1,1,1,1,1,1,1,1,1,1,1,1,1,1
2.5,1,1,1,1,1,1,1,1,1,1,1,1,1,1,1
