rep_id,x,alpha_star,alpha_idx,mu,std,lower,upper,selected_calib_cov_cf,selected_dep_cov_pseudo,selected_g_pseudo,selected_width_ratio,selected_center_shift,selected_scale_shift,selected_dir_sd,selected_pseudo_hetero,selected_dep_pseudo_z_mean_abs,strategy,true_f,offline_hit
99,-2.5,0.2,1,0.18908070808841648,0.052858191140885934,0.0854805571643459,0.2926808590124871,0.9729999999999999,1.0,0.027000000000000135,0.6345923126593033,0.668082552645249,-0.454772513585419,0.020027758514399755,0.029638573879558285,0.4024489092914365,lcb_direction,0.1733176589175123,1
99,-2.3979591836734695,0.7,6,-0.3006126182475898,0.014319506622969698,-0.32867833550499315,-0.2725469009901864,0.974,1.0,0.026000000000000023,0.6289851561928821,0.3084109494596398,-0.4636476216175779,0.03687817782917155,0.004029409123026688,0.20291727781858898,lcb_direction,-0.2915109938025119,1
99,-2.295918367346939,0.5,4,-0.5445132087477885,0.016122445729439123,-0.5761126217201908,-0.5129137957753862,0.9780000000000001,1.0,0.02199999999999991,0.6905779480946922,0.47346571779436386,-0.37022642605258665,0.024855135843076328,0.007796825930202292,0.4037464694795737,lcb_direction,-0.5472945000967161,1
99,-2.193877551020408,0.4,3,-0.45002757678574024,0.016453258181749787,-0.4822753702503088,-0.41777978332117166,0.9730000000000001,1.0,0.026999999999999913,0.6768335508956602,0.36991694476258785,-0.39032989908243626,0.031640339933558095,0.005591406532622989,0.2459305274610209,lcb_direction,-0.4605713330117863,1
99,-2.0918367346938775,1.0,9,-0.04098988862587172,0.010661325365174014,-0.061885702369076125,-0.02009407488266731,0.9810000000000001,1.0,0.018999999999999906,0.6931374207385381,0.021890071409280856,-0.36652700112674125,0.021832697191750412,0.002899814816772002,0.2896522711801273,lcb_direction,-0.0455496279401461,1
99,-1.989795918367347,1.0,9,0.5340973950525982,0.010702038690915794,0.5131217846572491,0.5550730054479474,0.992,1.0,0.008000000000000007,0.6948540570517268,0.4694600466185005,-0.36405344532192974,0.009189365834726824,0.007405384389500673,0.46936398150144465,lcb_direction,0.5396543347943726,1
99,-1.8877551020408163,0.6,5,1.0467067472097582,0.012950413069004678,1.0213244040095921,1.0720890904099243,0.9730000000000001,1.0,0.026999999999999913,0.6929517036233754,0.42530893151820653,-0.36679497396197847,0.033015148038438344,0.008509589909299418,0.376051141078883,lcb_direction,1.0551908634361649,1
99,-1.7857142857142856,0.8,7,1.2732183923639746,0.011343479923414345,1.2509855802547294,1.2954512044732198,0.9700000000000001,1.0,0.029999999999999916,0.6887906787913964,0.23770988707127663,-0.37281785849299454,0.02867441755680874,0.005040117612813534,0.2531086475425941,lcb_direction,1.2754287838225962,1
99,-1.683673469387755,1.0,9,1.0867400568667698,0.010706646929688136,1.0657554144893946,1.107724699244145,0.998,1.0,0.0020000000000000018,0.6948263021878863,0.0811456031847416,-0.3640933895632998,0.004216370213557844,0.00346895641217078,0.2599772666636916,lcb_direction,1.080510899209705,1
99,-1.5816326530612246,0.7,6,0.5155492712526302,0.012089329056667833,0.4918546217043076,0.5392439208009527,0.986,0.9,-0.08599999999999997,0.6970996099254476,0.26450932366111485,-0.36082696605751235,0.034058772731852795,0.008926680673679334,0.3842941308233515,lcb_direction,0.5069691785060113,1
99,-1.4795918367346939,0.3,2,-0.26016481502641975,0.017533752522171087,-0.2945303384837134,-0.2257992915691261,0.991,1.0,0.009000000000000008,0.7027159883749625,0.20279787500866522,-0.3528024682678686,0.025144029554194803,0.010993423442095317,0.2873762581204669,lcb_direction,-0.2629832842487771,1
99,-1.3775510204081631,0.5,4,-0.9752756591553898,0.01377525917638786,-1.0022746710188148,-0.9482766472919647,0.977,1.0,0.02300000000000002,0.7054860343678307,0.16651742628671348,-0.3488683032532604,0.03973523485382827,0.00803218592201648,0.3016251141348147,lcb_direction,-0.9695840625665644,1
99,-1.2755102040816326,1.0,9,-1.383786212762161,0.010560760072960702,-1.4044849221545326,-1.3630875033697893,0.99,1.0,0.010000000000000009,0.7002524014377759,0.029022869862447214,-0.35631443544719227,0.011547005383792526,0.0022245769609752154,0.29555802842102413,lcb_direction,-1.374410932157454,1
99,-1.1734693877551021,1.0,9,-1.3561593814025532,0.010596064298504852,-1.3769272858054933,-1.3353914769996131,0.9960000000000001,1.0,0.0039999999999998925,0.7010060830507895,0.1406264587412166,-0.3552387143093155,0.006992058987801017,0.0046348912950802765,0.33949343733748266,lcb_direction,-1.3511509742303678,1
99,-1.0714285714285714,1.0,9,-0.928733885218317,0.010639958389301714,-0.9495878204583532,-0.9078799499782808,0.974,0.9,-0.07399999999999995,0.7015712880580731,0.23355716416055974,-0.3544327622819747,0.03062315754094894,0.007158196895419456,0.31706883864771,lcb_direction,-0.9325632504889808,1
99,-0.9693877551020408,1.0,9,-0.2852179919964727,0.010628881025727574,-0.30605021600285987,-0.2643857679900855,0.982,1.0,0.018000000000000016,0.6970122034266829,0.22663878876612428,-0.36095235987175256,0.02394437999475729,0.0058528957765286126,0.3776850430329296,lcb_direction,-0.2952807950957102,1
99,-0.8673469387755102,1.0,9,0.32035207099869056,0.010593326403658204,0.2995895327710433,0.34111460922633785,0.9890000000000001,1.0,0.010999999999999899,0.692063617837284,0.14207485969104613,-0.3680773942992002,0.0128668393770792,0.002915709190490023,0.4426004241587328,lcb_direction,0.311308491168385,1
99,-0.7653061224489796,1.0,9,0.6658521175106222,0.01059412057351334,0.6450880227386613,0.6866162122825832,0.982,1.0,0.018000000000000016,0.691378424324386,0.03679308393103639,-0.3690679577605424,0.01619327706865484,0.002519497732660226,0.33881938764427894,lcb_direction,0.6637657204454745,1
99,-0.6632653061224489,1.0,9,0.6466878790891573,0.01062067917806367,0.625871730408798,0.6675040277695166,0.9960000000000001,1.0,0.0039999999999998925,0.6925857015080421,0.026306724084328652,-0.3673232918875595,0.006992058987801017,0.0025544078806023504,0.20926856204048336,lcb_direction,0.6517193693582644,1
99,-0.5612244897959183,1.0,9,0.3119881406668173,0.010650662757727244,0.29111322525018984,0.33286305608344474,0.998,1.0,0.0020000000000000018,0.6917920640669157,0.014966274168491374,-0.36846985397170157,0.004216370213557844,0.0014006779117349084,0.12147585087907335,lcb_direction,0.3189482069057464,1
99,-0.4591836734693877,1.0,9,-0.1604748007403281,0.010669995649808637,-0.1813876079291521,-0.13956199355150412,0.999,1.0,0.0010000000000000009,0.6903286358504275,0.05257610192597211,-0.3705875109367807,0.003162277660168381,0.0024973044793064046,0.2102025948953845,lcb_direction,-0.1576321841759603,1
99,-0.3571428571428571,1.0,9,-0.5388414774581894,0.010645084442260573,-0.5597054595774078,-0.5179774953389711,0.9970000000000001,1.0,0.0029999999999998916,0.6867263716720611,0.12482038184673713,-0.3758193606094853,0.006749485577105536,0.0034847324633370948,0.22743707516165398,lcb_direction,-0.5423961844907106,1
99,-0.2551020408163265,1.0,9,-0.6316225583922678,0.010594277676513834,-0.6523869610804516,-0.610858155704084,0.998,1.0,0.0020000000000000018,0.6823017536609411,0.1554383042946009,-0.3822832649443062,0.004216370213557843,0.002945011377856197,0.2395082890454531,lcb_direction,-0.6389010549420908,1
99,-0.15306122448979587,1.0,9,-0.36590354921383517,0.01059529430980178,-0.3866699444666488,-0.3451371539610215,0.999,1.0,0.0010000000000000009,0.6785768698356179,0.13258692216183043,-0.38775751233579325,0.003162277660168382,0.0021395569393418967,0.28098090404725823,lcb_direction,-0.3719649518252275,1
99,-0.05102040816326525,1.0,9,0.1806538107648963,0.010651111753708921,0.15977801533231556,0.20152960619747706,0.999,1.0,0.0010000000000000009,0.6770151793050116,0.08341076827716366,-0.39006158489579523,0.003162277660168382,0.0029638381103557045,0.3057492596573977,lcb_direction,0.1790462730010161,1
99,0.05102040816326525,1.0,9,0.8069834136724897,0.010678664632195037,0.7860536155904058,0.8279132117545737,0.9900000000000002,1.0,0.009999999999999787,0.6750499199681235,0.04949910455007131,-0.39296863533585014,0.013333333333333346,0.0043016001265727775,0.33751784904741844,lcb_direction,0.8092627090482569,1
99,0.15306122448979587,1.0,9,1.2655664981516495,0.010655542220898285,1.2446820191629429,1.286450977140356,0.9890000000000001,1.0,0.010999999999999899,0.6712858391580158,0.05784197605742879,-0.3985602429150523,0.01595131481867388,0.005155159853118104,0.34629043288239825,lcb_direction,1.2683795573686838,1
99,0.2551020408163265,1.0,9,1.359969409032586,0.010646954283264202,1.3391017620923438,1.3808370559728282,0.998,1.0,0.0020000000000000018,0.6672355064877018,0.10540533368860472,-0.404612212195753,0.004216370213557844,0.00497881435127881,0.2685023078478953,lcb_direction,1.360071377459285,1
99,0.3571428571428571,1.0,9,1.0246000419648518,0.01067544932438952,1.0036765457702659,1.0455235381594377,0.999,1.0,0.0010000000000000009,0.6611218847898414,0.15976939556574934,-0.4138170615906963,0.003162277660168382,0.003597037550676216,0.23217159136882154,lcb_direction,1.0212667804453497,1
99,0.4591836734693877,1.0,9,0.35433740061946895,0.010683235356024895,0.3333986440832952,0.37527615715564266,0.9970000000000001,1.0,0.0029999999999998916,0.6550931551754144,0.1783408428674984,-0.4229778318175684,0.004830458915396484,0.001961709933210226,0.2274503377938768,lcb_direction,0.3496769836430552,1
99,0.5612244897959183,1.0,9,-0.42878876564865476,0.010653508489324781,-0.449669258596723,-0.4079082727005865,0.9809999999999999,1.0,0.019000000000000128,0.6535357025370898,0.1322695928849393,-0.42535811460667394,0.01663329993316621,0.0022915224104004114,0.19089913988668675,lcb_direction,-0.4315858028530012,1
99,0.6632653061224489,1.0,9,-1.059452730359286,0.0106442758650251,-1.0803151276962442,-1.0385903330223278,0.984,1.0,0.016000000000000014,0.6549076565996396,0.02532107041245417,-0.4232610355764523,0.018378731669453644,0.002897926151433,0.18715725066854932,lcb_direction,-1.0585661566524274,1
99,0.7653061224489796,1.0,9,-1.3305300438184078,0.010673831937029346,-1.3514503699920186,-1.309609717644797,0.9949999999999999,1.0,0.0050000000000001155,0.6558601410590259,0.09050489670665829,-0.421807712373454,0.0052704627669473035,0.0022162386665922065,0.22488680974500191,lcb_direction,-1.326992505452922,1
99,0.8673469387755102,1.0,9,-1.1720604497794793,0.010701613173329459,-1.1930352261756845,-1.1510856733832742,0.9960000000000001,1.0,0.0039999999999998925,0.6543811642979448,0.13475609482075085,-0.4240652772711309,0.005163977794943227,0.0011767187494810775,0.14561737640223224,lcb_direction,-1.169247502982247,1
99,0.9693877551020408,1.0,9,-0.676269826001898,0.010695565994790861,-0.6972327501459594,-0.6553069018578366,0.9950000000000001,1.0,0.004999999999999893,0.6513574054829112,0.05109425981677145,-0.4286967774660097,0.007071067811865481,0.003343685346623645,0.20712006386443166,lcb_direction,-0.6775980524984555,1
99,1.0714285714285714,1.0,9,-0.05853147888680797,0.010628856541400304,-0.07936365490479552,-0.037699302868820415,0.9900000000000002,0.9,-0.09000000000000019,0.6484463975779097,0.14614456826946792,-0.4331759346512254,0.012472191289246481,0.00631003772543283,0.456539468465353,lcb_direction,-0.0647957722538648,1
99,1.1734693877551021,0.8,7,0.43034519773997426,0.011184986794008844,0.4084230264561608,0.4522673690237877,0.9810000000000001,0.9,-0.08100000000000007,0.6627443709661643,0.35095285471847304,-0.4113659272988429,0.03314949304120485,0.008698497687165076,0.6291817286917027,lcb_direction,0.4220476385156321,1
99,1.2755102040816326,0.8,7,0.6053518792669468,0.011212944365330248,0.5833749121502482,0.6273288463836454,0.9730000000000001,0.9,-0.07300000000000006,0.6640242857444452,0.4506976495537561,-0.4094365552582179,0.03400980250849255,0.009397509080885052,0.6005602224924271,lcb_direction,0.5999526346714462,1
99,1.3775510204081631,1.0,9,0.4209641372325603,0.010490694537512927,0.4004027537662239,0.4415255206988967,0.983,0.9,-0.08299999999999996,0.6414188333489101,0.3770177852146276,-0.44407262927778485,0.014944341180973276,0.0075365571315479715,0.4265596201568614,lcb_direction,0.4217810386404098,1
99,1.4795918367346939,1.0,9,-0.01295357010435115,0.010344496508338494,-0.03322841069889494,0.007321270490192641,0.999,1.0,0.0010000000000000009,0.6307084345761471,0.1332314834371421,-0.46091159204513343,0.0031622776601683816,0.0036328671118868424,0.22191997588425166,lcb_direction,-0.0072289608797654,1
99,1.5816326530612246,1.0,9,-0.47948792222184444,0.010203950787589554,-0.49948729826553906,-0.4594885461781498,0.9950000000000001,1.0,0.004999999999999893,0.6188956133815838,0.12136491361282403,-0.4798186580280002,0.007071067811865481,0.002444961976280703,0.21607295810536384,lcb_direction,-0.4744659255018634,1
99,1.683673469387755,1.0,9,-0.746847844870119,0.010278907251883868,-0.766994132884239,-0.726701556855999,0.991,1.0,0.009000000000000008,0.6181703955975623,0.22401381368527423,-0.4809911384968513,0.0128668393770792,0.0035578885757757035,0.2423710093868098,lcb_direction,-0.7483143468219203,1
99,1.7857142857142856,1.0,9,-0.6656401261369319,0.010312750330440866,-0.6858527453661496,-0.6454275069077142,0.994,1.0,0.006000000000000005,0.6121659079527346,0.10474061812333206,-0.49075194178241854,0.005163977794943227,0.0018849520041830706,0.19513511589892565,lcb_direction,-0.6744270405410513,1
99,1.8877551020408163,1.0,9,-0.23095710689566293,0.010193399267080665,-0.250935802339178,-0.21097841145214785,0.993,0.9,-0.09299999999999997,0.5911118349558276,0.15716280392056733,-0.5257500494340827,0.012516655570345736,0.0070104613985387,0.4181446832090039,lcb_direction,-0.2412659271794137,1
99,1.989795918367347,0.4,3,0.4152470560869401,0.016557039282445375,0.3827958554027323,0.44769825677114794,0.986,0.9,-0.08599999999999997,0.6721057249019317,0.2736407645203059,-0.39733962211073925,0.027162065049951143,0.012273679025748274,0.3819696397874742,lcb_direction,0.4115138948329463,1
99,2.0918367346938775,0.5,4,1.0402757512219378,0.01493345184494638,1.0110067234409796,1.069544779002896,0.9780000000000001,0.9,-0.07800000000000007,0.6688655852021514,0.3348172855821701,-0.4021721580211769,0.015491933384829683,0.011703825704187078,0.44754264965226953,lcb_direction,1.0455201744809497,1
99,2.193877551020408,1.0,9,1.4100683889558754,0.010623801001657631,1.389246121613706,1.4308906562980448,0.9890000000000001,1.0,0.010999999999999899,0.5874360475938757,0.23757053698297617,-0.5319878940483351,0.0128668393770792,0.005193916841306237,0.46035628381971916,lcb_direction,1.4163655110877331,1
99,2.295918367346939,1.0,9,1.3746669661685644,0.011745034071104617,1.3516471223920035,1.3976868099451254,0.9809999999999999,1.0,0.019000000000000128,0.6057453894715521,5.568347338658791e-06,-0.5012955305871897,0.028460498941515408,0.004286649552290244,0.3807540569329104,lcb_direction,1.3700412059766047,1
99,2.3979591836734695,1.0,9,0.917074416062166,0.012191443975332542,0.8931796249509764,0.9409692071733556,0.9970000000000001,1.0,0.0029999999999998916,0.5826848971325704,0.015890157391936104,-0.5401087239392666,0.004830458915396484,0.0033971505562163055,0.26279907168882743,lcb_direction,0.90471006717992,1
99,2.5,0.1,0,0.15040637988356526,0.07119186860742456,0.010872881420905423,0.2899398783462251,0.998,1.0,0.0020000000000000018,0.6782889660365912,0.11452276193045498,-0.3881818782469037,0.004216370213557844,0.035530066505791276,0.24871897254802372,lcb_direction,0.1733176589175135,1
