x,true_f,selected_estimated_coverage,selected_calib_pseudo_hit_share,selected_calib_true_hit_share,selected_actual_deploy_coverage,selected_calib_true_minus_estimated,selected_deploy_minus_calib_true,selected_deploy_minus_estimated,alpha_star_mean,alpha_star_sd,nominal,gap_to_nominal
-2.5,0.1733176589175123,0.9607000000000003,0.9607000000000003,0.9664,0.95,0.005699999999999705,-0.01640000000000008,-0.010700000000000376,0.545,0.33284054483014563,0.95,0.0
-2.397959183673469,-0.2915109938025119,0.9789999999999996,0.9789999999999996,0.9706999999999998,1.0,-0.008299999999999863,0.029300000000000215,0.02100000000000035,0.919,0.19263982197380955,0.95,-0.050000000000000044
-2.295918367346939,-0.5472945000967161,0.9706999999999998,0.9706999999999998,0.9512999999999999,0.88,-0.019399999999999862,-0.07129999999999992,-0.09069999999999978,0.8320000000000001,0.2538113512437968,0.95,0.06999999999999995
-2.193877551020408,-0.4605713330117863,0.9644000000000001,0.9644000000000001,0.9084,0.87,-0.05600000000000016,-0.03839999999999999,-0.09440000000000015,0.6979999999999998,0.2912806969993798,0.95,0.07999999999999996
-2.091836734693877,-0.0455496279401461,0.9817999999999997,0.9817999999999997,0.9795999999999994,1.0,-0.002200000000000313,0.02040000000000064,0.018200000000000327,0.9750000000000001,0.09782999065065409,0.95,-0.050000000000000044
-1.989795918367347,0.5396543347943726,0.9873999999999999,0.9873999999999999,0.9694999999999997,0.89,-0.01790000000000025,-0.07949999999999968,-0.09739999999999993,0.9870000000000002,0.067651812073053,0.95,0.05999999999999994
-1.8877551020408163,1.0551908634361649,0.9671999999999998,0.9671999999999998,0.9127000000000001,0.84,-0.05449999999999977,-0.0727000000000001,-0.12719999999999987,0.7550000000000001,0.24959563256992248,0.95,0.10999999999999999
-1.7857142857142856,1.2754287838225962,0.9728,0.9728,0.9719999999999999,0.97,-0.0008000000000001339,-0.0019999999999998908,-0.0028000000000000247,0.868,0.21550035740203333,0.95,-0.020000000000000018
-1.683673469387755,1.080510899209705,0.9963999999999998,0.9963999999999998,0.9977999999999999,1.0,0.0014000000000000679,0.0022000000000000908,0.0036000000000001586,0.998,0.019999999999999928,0.95,-0.050000000000000044
-1.5816326530612246,0.5069691785060113,0.9827999999999996,0.9827999999999996,0.9436999999999999,0.84,-0.03909999999999969,-0.1036999999999999,-0.1427999999999996,0.9610000000000001,0.11625033941516631,0.95,0.10999999999999999
-1.479591836734694,-0.2629832842487771,0.9649999999999999,0.9649999999999999,0.9541000000000001,0.91,-0.010899999999999799,-0.04410000000000003,-0.05499999999999983,0.7819999999999997,0.2430363484474425,0.95,0.039999999999999925
-1.3775510204081631,-0.9695840625665644,0.9720999999999995,0.9720999999999995,0.9855999999999995,1.0,0.013499999999999956,0.014400000000000523,0.02790000000000048,0.8939999999999998,0.17628030937897599,0.95,-0.050000000000000044
-1.2755102040816326,-1.374410932157454,0.9923999999999994,0.9923999999999994,0.9826999999999994,0.99,-0.009700000000000042,0.007300000000000639,-0.0023999999999994026,0.9940000000000001,0.044540300670722816,0.95,-0.040000000000000036
-1.173469387755102,-1.3511509742303678,0.9895999999999998,0.9895999999999998,0.9841999999999996,0.92,-0.005400000000000182,-0.06419999999999959,-0.06959999999999977,0.976,0.09961542211541513,0.95,0.029999999999999916
-1.0714285714285714,-0.9325632504889808,0.9791999999999994,0.9791999999999994,0.9913999999999998,1.0,0.012200000000000433,0.008600000000000163,0.020800000000000596,0.963,0.10885538548686939,0.95,-0.050000000000000044
-0.9693877551020408,-0.2952807950957102,0.9836999999999992,0.9836999999999992,0.9916999999999995,1.0,0.00800000000000023,0.00830000000000053,0.01630000000000076,0.9800000000000001,0.0710669054518702,0.95,-0.050000000000000044
-0.8673469387755102,0.311308491168385,0.9846999999999995,0.9846999999999995,0.9791999999999994,0.97,-0.00550000000000006,-0.00919999999999943,-0.014699999999999491,0.9830000000000001,0.07393007889659362,0.95,-0.020000000000000018
-0.7653061224489796,0.6637657204454745,0.9828999999999999,0.9828999999999999,0.9888999999999999,0.99,0.006000000000000005,0.001100000000000101,0.007100000000000106,0.9890000000000001,0.06800920912091625,0.95,-0.040000000000000036
-0.6632653061224489,0.6517193693582644,0.9901999999999995,0.9901999999999995,0.9975999999999999,1.0,0.007400000000000406,0.0024000000000000687,0.009800000000000475,1.0,0.0,0.95,-0.050000000000000044
-0.5612244897959183,0.3189482069057464,0.9981999999999998,0.9981999999999998,0.9991999999999999,1.0,0.001000000000000112,0.0008000000000001339,0.0018000000000002458,1.0,0.0,0.95,-0.050000000000000044
-0.4591836734693877,-0.1576321841759603,0.9974,0.9974,0.9975999999999998,1.0,0.00019999999999986695,0.0024000000000001798,0.0026000000000000467,1.0,0.0,0.95,-0.050000000000000044
-0.3571428571428571,-0.5423961844907106,0.9939999999999994,0.9939999999999994,0.9974999999999996,1.0,0.0035000000000001696,0.002500000000000391,0.0060000000000005604,0.996,0.039999999999999925,0.95,-0.050000000000000044
-0.2551020408163265,-0.6389010549420908,0.9946999999999997,0.9946999999999997,0.9984999999999998,1.0,0.0038000000000001366,0.0015000000000001679,0.0053000000000003045,0.996,0.03152680437246051,0.95,-0.050000000000000044
-0.1530612244897958,-0.3719649518252275,0.9981,0.9981,0.9988999999999997,1.0,0.0007999999999996898,0.001100000000000323,0.0019000000000000128,0.9990000000000001,0.009999999999999988,0.95,-0.050000000000000044
-0.0510204081632652,0.1790462730010161,0.9967999999999997,0.9967999999999997,0.9975999999999998,1.0,0.0008000000000001339,0.0024000000000001798,0.0032000000000003137,0.9990000000000001,0.00999999999999998,0.95,-0.050000000000000044
0.0510204081632652,0.8092627090482569,0.9886999999999995,0.9886999999999995,0.9946999999999996,0.99,0.006000000000000116,-0.004699999999999593,0.001300000000000523,0.992,0.039389277113386495,0.95,-0.040000000000000036
0.1530612244897958,1.2683795573686838,0.9859999999999995,0.9859999999999995,0.9917999999999997,0.99,0.005800000000000138,-0.0017999999999996907,0.004000000000000448,0.99,0.061134063641915114,0.95,-0.040000000000000036
0.2551020408163265,1.360071377459285,0.9967999999999998,0.9967999999999998,0.9984999999999996,1.0,0.0016999999999998128,0.00150000000000039,0.0032000000000002027,1.0,0.0,0.95,-0.050000000000000044
0.3571428571428571,1.0212667804453497,0.9995,0.9995,0.9995999999999999,1.0,9.999999999987796e-05,0.00040000000000006697,0.0004999999999999449,1.0,0.0,0.95,-0.050000000000000044
0.4591836734693877,0.3496769836430552,0.9962999999999995,0.9962999999999995,0.9972999999999997,1.0,0.001000000000000223,0.0027000000000002577,0.0037000000000004807,0.9940000000000001,0.05999999999999992,0.95,-0.050000000000000044
0.5612244897959183,-0.4315858028530012,0.9864999999999996,0.9864999999999996,0.9890999999999996,1.0,0.0026000000000000467,0.010900000000000354,0.0135000000000004,0.993,0.07000000000000008,0.95,-0.050000000000000044
0.6632653061224489,-1.0585661566524274,0.9883999999999996,0.9883999999999996,0.9894999999999996,1.0,0.0010999999999999899,0.010500000000000398,0.011600000000000388,0.993,0.053663749214884184,0.95,-0.050000000000000044
0.7653061224489796,-1.326992505452922,0.9955999999999997,0.9955999999999997,0.9956,1.0,3.3306690738754696e-16,0.0043999999999999595,0.0044000000000002926,1.0,0.0,0.95,-0.050000000000000044
0.8673469387755102,-1.169247502982247,0.9967000000000001,0.9967000000000001,0.9976999999999999,1.0,0.0009999999999997788,0.0023000000000000798,0.0032999999999998586,1.0,0.0,0.95,-0.050000000000000044
0.9693877551020408,-0.6775980524984555,0.9902999999999994,0.9902999999999994,0.9925999999999994,1.0,0.0022999999999999687,0.007400000000000628,0.009700000000000597,1.0,0.0,0.95,-0.050000000000000044
1.0714285714285714,-0.0647957722538648,0.9842999999999992,0.9842999999999992,0.9849999999999994,1.0,0.000700000000000256,0.015000000000000568,0.015700000000000824,0.9829999999999999,0.08294454761946662,0.95,-0.050000000000000044
1.173469387755102,0.4220476385156321,0.9774999999999996,0.9774999999999996,0.9834999999999994,1.0,0.005999999999999783,0.016500000000000625,0.02250000000000041,0.9410000000000001,0.14148919364810847,0.95,-0.050000000000000044
1.2755102040816326,0.5999526346714462,0.9747999999999998,0.9747999999999998,0.9800999999999991,1.0,0.005299999999999305,0.019900000000000917,0.025200000000000222,0.9040000000000002,0.1852762065870108,0.95,-0.050000000000000044
1.3775510204081631,0.4217810386404098,0.9855999999999994,0.9855999999999994,0.980599999999999,1.0,-0.0050000000000003375,0.019400000000000972,0.014400000000000635,0.9559999999999996,0.13281718277543778,0.95,-0.050000000000000044
1.479591836734694,-0.0072289608797654,0.9975999999999996,0.9975999999999996,0.9966999999999999,1.0,-0.0008999999999996788,0.0033000000000000806,0.002400000000000402,0.995,0.04999999999999999,0.95,-0.050000000000000044
1.5816326530612246,-0.4744659255018634,0.9971,0.9971,0.9980999999999998,1.0,0.0009999999999997788,0.0019000000000002348,0.0029000000000000137,1.0,0.0,0.95,-0.050000000000000044
1.683673469387755,-0.7483143468219203,0.9895999999999997,0.9895999999999997,0.9892999999999995,1.0,-0.000300000000000189,0.010700000000000487,0.010400000000000298,0.997,0.029999999999999992,0.95,-0.050000000000000044
1.7857142857142856,-0.6744270405410513,0.9941999999999996,0.9941999999999996,0.9856999999999998,1.0,-0.008499999999999841,0.014300000000000201,0.00580000000000036,1.0,0.0,0.95,-0.050000000000000044
1.8877551020408163,-0.2412659271794137,0.9956999999999998,0.9956999999999998,0.9952999999999997,1.0,-0.00040000000000006697,0.0047000000000002595,0.0043000000000001926,0.996,0.039999999999999925,0.95,-0.050000000000000044
1.989795918367347,0.4115138948329463,0.9712000000000001,0.9712000000000001,0.9752999999999998,0.97,0.0040999999999997705,-0.00529999999999986,-0.0012000000000000899,0.8250000000000002,0.24052761869177383,0.95,-0.020000000000000018
2.091836734693877,1.0455201744809497,0.9671999999999997,0.9671999999999997,0.9243000000000002,0.94,-0.042899999999999494,0.015699999999999714,-0.02719999999999978,0.7460000000000001,0.2753950330750798,0.95,0.010000000000000009
2.193877551020408,1.4163655110877331,0.9826999999999996,0.9826999999999996,0.9564999999999997,0.95,-0.02619999999999989,-0.006499999999999728,-0.03269999999999962,0.9569999999999997,0.12165109904554865,0.95,0.0
2.295918367346939,1.3700412059766047,0.9866999999999997,0.9866999999999997,0.9885999999999998,1.0,0.0019000000000001238,0.011400000000000188,0.013300000000000312,0.9790000000000001,0.07692971999287283,0.95,-0.050000000000000044
2.397959183673469,0.90471006717992,0.9949999999999997,0.9949999999999997,0.9891999999999997,1.0,-0.005799999999999916,0.010800000000000254,0.0050000000000003375,0.997,0.029999999999999947,0.95,-0.050000000000000044
2.5,0.1733176589175135,0.9791999999999997,0.9791999999999997,0.9611999999999994,0.94,-0.01800000000000035,-0.02119999999999944,-0.03919999999999979,0.8970000000000001,0.21763420334277989,0.95,0.010000000000000009
