x,true_f,selected_actual_deploy_coverage,selected_estimated_coverage,selected_calib_true_hit_share,selected_alpha_mean,selected_alpha_sd,best_alpha_by_estimated_mean,best_estimated_coverage,best_estimated_abs_error_to_nominal,best_alpha_by_calib_true_mean,best_calib_true_coverage,best_calib_true_abs_error_to_nominal,best_alpha_by_actual_deploy_mean,best_actual_deploy_coverage,best_actual_abs_error_to_nominal,best_est_vs_calib_true_match,best_calib_true_vs_actual_match,best_est_vs_actual_match,selection_chain_label
-2.295918367346939,-0.5472945000967161,0.88,0.9706999999999998,0.9512999999999999,0.8319999999999999,0.25381135124379683,0.7,0.9504999999999998,0.0004999999999998339,0.7,0.9501999999999998,0.00019999999999986695,0.5,0.95,0.0,True,False,False,actual_support_exists_but_both_selection_stages_miss
-2.193877551020408,-0.4605713330117863,0.87,0.9644000000000001,0.9084,0.698,0.2912806969993797,0.5,0.9474999999999996,0.002500000000000391,0.4,0.948,0.0020000000000000018,0.3,0.93,0.019999999999999907,False,False,False,actual_support_exists_but_both_selection_stages_miss
-1.989795918367347,0.5396543347943726,0.89,0.9873999999999999,0.9694999999999997,0.9869999999999999,0.06765181207305297,1.0,0.9795,0.02950000000000008,1.0,0.9689999999999996,0.018999999999999684,0.6,0.95,0.0,True,False,False,actual_support_exists_but_both_selection_stages_miss
-1.8877551020408163,1.0551908634361649,0.84,0.9671999999999998,0.9127000000000001,0.755,0.2495956325699226,0.6,0.9477999999999995,0.002200000000000424,0.5,0.9513999999999999,0.0013999999999999568,0.2,0.96,0.010000000000000009,False,False,False,actual_support_exists_but_both_selection_stages_miss
-1.5816326530612246,0.5069691785060113,0.84,0.9827999999999996,0.9436999999999999,0.961,0.11625033941516652,1.0,0.9665999999999997,0.016599999999999726,0.9,0.9497999999999999,0.000200000000000089,0.4,0.96,0.010000000000000009,False,False,False,actual_support_exists_but_both_selection_stages_miss
-1.479591836734694,-0.2629832842487771,0.91,0.9649999999999999,0.9541000000000001,0.7820000000000001,0.24303634844744246,0.6,0.9509999999999992,0.0009999999999992237,0.7,0.9547,0.0047000000000000375,0.4,0.95,0.0,False,False,False,actual_support_exists_but_both_selection_stages_miss
-1.173469387755102,-1.3511509742303678,0.92,0.9895999999999998,0.9841999999999996,0.976,0.09961542211541509,1.0,0.9757999999999996,0.0257999999999996,1.0,0.9830999999999998,0.033099999999999796,0.8,0.95,0.0,True,False,False,actual_support_exists_but_both_selection_stages_miss
2.091836734693877,1.0455201744809497,0.94,0.9671999999999997,0.9243000000000002,0.7460000000000001,0.2753950330750797,0.5,0.9537999999999996,0.0037999999999996925,0.5,0.9455,0.0044999999999999485,0.6,0.95,0.0,True,False,False,actual_support_exists_but_both_selection_stages_miss
2.5,0.1733176589175135,0.94,0.9791999999999997,0.9611999999999994,0.897,0.21763420334277986,0.8,0.9502999999999997,0.0002999999999997449,0.9,0.9507999999999996,0.0007999999999996898,1.0,0.93,0.019999999999999907,False,False,False,actual_support_exists_but_both_selection_stages_miss
