x,selected_actual_deploy_coverage,selected_estimated_coverage,selected_calib_true_hit_share,selected_calib_true_minus_estimated,selected_deploy_minus_calib_true,selected_deploy_minus_estimated,mean_abs_pseudo_bias_over_all_alpha,mean_abs_deploy_transfer_over_all_alpha,mean_abs_total_gap_over_all_alpha,dominant_driver
-1.8877551020408163,0.84,0.9671999999999998,0.9127000000000001,-0.05449999999999977,-0.0727000000000001,-0.12719999999999987,0.016719999999999922,0.05391,0.07060999999999991,deploy_transfer_priority
-1.5816326530612246,0.84,0.9827999999999996,0.9436999999999999,-0.03909999999999969,-0.1036999999999999,-0.1427999999999996,0.010729999999999896,0.05913999999999979,0.06962999999999972,deploy_transfer_priority
-2.193877551020408,0.87,0.9644000000000001,0.9084,-0.05600000000000016,-0.03839999999999999,-0.09440000000000015,0.023239999999999917,0.03065000000000002,0.05248999999999987,deploy_transfer_priority
-2.295918367346939,0.88,0.9706999999999998,0.9512999999999999,-0.019399999999999862,-0.07129999999999992,-0.09069999999999978,0.0009300000000000641,0.023079999999999923,0.02354999999999984,deploy_transfer_priority
-1.989795918367347,0.89,0.9873999999999999,0.9694999999999997,-0.01790000000000025,-0.07949999999999968,-0.09739999999999993,0.004300000000000037,0.03528999999999989,0.039249999999999896,deploy_transfer_priority
-1.479591836734694,0.91,0.9649999999999999,0.9541000000000001,-0.010899999999999799,-0.04410000000000003,-0.05499999999999983,0.011590000000000078,0.017319999999999846,0.008989999999999854,deploy_transfer_priority
-1.173469387755102,0.92,0.9895999999999998,0.9841999999999996,-0.005400000000000182,-0.06419999999999959,-0.06959999999999977,0.002870000000000006,0.018249999999999943,0.016079999999999928,deploy_transfer_priority
2.091836734693877,0.94,0.9671999999999997,0.9243000000000002,-0.042899999999999494,0.015699999999999714,-0.02719999999999978,0.007719999999999894,0.012699999999999868,0.010039999999999905,deploy_transfer_priority
2.5,0.94,0.9791999999999997,0.9611999999999994,-0.01800000000000035,-0.02119999999999944,-0.03919999999999979,0.008059999999999946,0.014750000000000074,0.021830000000000082,deploy_transfer_priority
