x,true_f,alpha,selected_actual_deploy_coverage,selected_estimated_coverage,estimated_coverage_mean,calibration_pseudo_hit_mean,calibration_true_hit_mean,final_deployed_coverage_mean,pseudo_target_bias,deploy_transfer_gap,total_gap,mean_abs_calib_pseudo_z,mean_abs_calib_true_z,mean_abs_calib_true_minus_pseudo_z,calib_true_hit_boot_sd,estimated_abs_error_to_nominal,calib_true_abs_error_to_nominal,deploy_abs_error_to_nominal
-2.295918367346939,-0.5472945000967161,0.1,0.88,0.9706999999999998,1.0,1.0,0.9998999999999999,1.0,-0.00010000000000010001,0.00010000000000010001,0.0,0.2954291327102349,0.300376285600327,0.004947152890092066,0.010000000000000004,0.050000000000000044,0.049899999999999944,0.050000000000000044
-2.295918367346939,-0.5472945000967161,0.2,0.88,0.9706999999999998,0.9966999999999999,0.9966999999999999,0.9961999999999995,1.0,-0.000500000000000389,0.0038000000000004697,0.0033000000000000806,0.3999551677619916,0.406385044379321,0.006429876617329411,0.06152998126002789,0.046699999999999964,0.046199999999999575,0.050000000000000044
-2.295918367346939,-0.5472945000967161,0.3,0.88,0.9706999999999998,0.9910000000000001,0.9910000000000001,0.9903,1.0,-0.000700000000000145,0.009700000000000042,0.008999999999999897,0.47812194348041664,0.4855691594466561,0.007447215966239429,0.09801464526828994,0.04100000000000015,0.0403,0.050000000000000044
-2.295918367346939,-0.5472945000967161,0.4,0.88,0.9706999999999998,0.9815999999999998,0.9815999999999998,0.9813999999999994,0.99,-0.00020000000000042206,0.008600000000000607,0.008400000000000185,0.5434095699820751,0.5516659137601478,0.008256343778072717,0.13511426862681325,0.03159999999999985,0.03139999999999943,0.040000000000000036
-2.295918367346939,-0.5472945000967161,0.5,0.88,0.9706999999999998,0.9714999999999996,0.9714999999999996,0.9718999999999997,0.95,0.00040000000000006697,-0.021899999999999697,-0.02149999999999963,0.6005803465585028,0.6095352772733869,0.008954930714884068,0.16526681854543945,0.02149999999999963,0.021899999999999697,0.0
-2.295918367346939,-0.5472945000967161,0.6,0.88,0.9706999999999998,0.9601999999999997,0.9601999999999997,0.9605999999999993,0.93,0.0003999999999996229,-0.030599999999999294,-0.03019999999999967,0.6519390171478342,0.6615275305521301,0.009588513404295895,0.194554427198443,0.010199999999999765,0.010599999999999388,0.019999999999999907
-2.295918367346939,-0.5472945000967161,0.7,0.88,0.9706999999999998,0.9504999999999998,0.9504999999999998,0.9501999999999998,0.92,-0.00029999999999996696,-0.030199999999999783,-0.03049999999999975,0.6984506595312601,0.7085539504522094,0.010103290920949304,0.21754239234973705,0.0004999999999998339,0.00019999999999986695,0.029999999999999916
-2.295918367346939,-0.5472945000967161,0.8,0.88,0.9706999999999998,0.9403999999999999,0.9403999999999999,0.9397999999999999,0.9,-0.0006000000000000449,-0.039799999999999836,-0.04039999999999988,0.7408376888943227,0.751693313066544,0.010855624172221301,0.2378689096158138,0.009600000000000053,0.010200000000000098,0.04999999999999993
-2.295918367346939,-0.5472945000967161,0.9,0.88,0.9706999999999998,0.9309999999999995,0.9309999999999995,0.9288999999999993,0.89,-0.002100000000000213,-0.03889999999999927,-0.04099999999999948,0.780274891159676,0.7917189907509687,0.011444099591292778,0.2570046597622579,0.01900000000000046,0.021100000000000674,0.05999999999999994
-2.295918367346939,-0.5472945000967161,1.0,0.88,0.9706999999999998,0.9211999999999998,0.9211999999999998,0.9172000000000001,0.87,-0.0039999999999996705,-0.04720000000000013,-0.0511999999999998,0.8174335071618792,0.8295075559202043,0.012074048758325073,0.275593459965068,0.02880000000000016,0.03279999999999983,0.07999999999999996
-2.193877551020408,-0.4605713330117863,0.1,0.87,0.9644000000000001,0.9989999999999999,0.9989999999999999,0.9975999999999996,1.0,-0.00140000000000029,0.002400000000000402,0.001000000000000112,0.30700853205928685,0.4147780812462608,0.10776954918697396,0.048933418518889465,0.04899999999999993,0.04759999999999964,0.050000000000000044
-2.193877551020408,-0.4605713330117863,0.2,0.87,0.9644000000000001,0.9915999999999998,0.9915999999999998,0.9859999999999998,1.0,-0.005600000000000049,0.014000000000000234,0.008400000000000185,0.42170099316854476,0.5696076182679007,0.14790662509935598,0.11749630010367904,0.04159999999999986,0.03599999999999981,0.050000000000000044
-2.193877551020408,-0.4605713330117863,0.3,0.87,0.9644000000000001,0.9789999999999995,0.9789999999999995,0.9670999999999994,0.93,-0.011900000000000133,-0.037099999999999356,-0.04899999999999949,0.5083874595438926,0.6865689874816753,0.17818152793778264,0.178383777505713,0.02899999999999958,0.01709999999999945,0.019999999999999907
-2.193877551020408,-0.4605713330117863,0.4,0.87,0.9644000000000001,0.9630999999999993,0.9630999999999993,0.948,0.91,-0.015099999999999336,-0.03799999999999992,-0.05309999999999926,0.5810068839061118,0.7846408682963832,0.20363398439027147,0.22203812756598654,0.013099999999999334,0.0020000000000000018,0.039999999999999925
-2.193877551020408,-0.4605713330117863,0.5,0.87,0.9644000000000001,0.9474999999999996,0.9474999999999996,0.9269000000000005,0.87,-0.020599999999999064,-0.056900000000000506,-0.07749999999999957,0.6442888741429474,0.8701297003186877,0.2258408261757403,0.2603135922625472,0.002500000000000391,0.023099999999999454,0.07999999999999996
-2.193877551020408,-0.4605713330117863,0.6,0.87,0.9644000000000001,0.9310999999999996,0.9310999999999996,0.9080999999999999,0.85,-0.022999999999999687,-0.05809999999999993,-0.08109999999999962,0.7010556947661327,0.9467682708269051,0.24571257606077235,0.2888991801193409,0.01890000000000036,0.04190000000000005,0.09999999999999998
-2.193877551020408,-0.4605713330117863,0.7,0.87,0.9644000000000001,0.9160000000000004,0.9160000000000004,0.8876,0.84,-0.028400000000000425,-0.047599999999999976,-0.0760000000000004,0.752665768604876,1.0163522116843793,0.2636864430795033,0.31587373683445447,0.033999999999999586,0.06240000000000001,0.10999999999999999
-2.193877551020408,-0.4605713330117863,0.8,0.87,0.9644000000000001,0.9045000000000002,0.9045000000000002,0.8689,0.84,-0.03560000000000019,-0.028900000000000037,-0.06450000000000022,0.7998091957564833,1.0802117709548689,0.2804025751983855,0.33752656550002375,0.04549999999999976,0.08109999999999995,0.10999999999999999
-2.193877551020408,-0.4605713330117863,0.9,0.87,0.9644000000000001,0.8927999999999997,0.8927999999999997,0.8504999999999998,0.83,-0.04229999999999989,-0.02049999999999985,-0.06279999999999974,0.8433832072380731,1.1389931387046914,0.2956099314666183,0.35659846641092646,0.05720000000000025,0.09950000000000014,0.12
-2.193877551020408,-0.4605713330117863,1.0,0.87,0.9644000000000001,0.8815000000000001,0.8815000000000001,0.833,0.83,-0.0485000000000001,-0.0030000000000000027,-0.0515000000000001,0.8844660805102144,1.194136258094569,0.30967017758435456,0.37299452072550493,0.0684999999999999,0.11699999999999999,0.12
-1.989795918367347,0.5396543347943726,0.1,0.89,0.9873999999999999,1.0,1.0,1.0,1.0,0.0,0.0,0.0,0.20805107131811096,0.2846744876939982,0.07662341637588727,0.0,0.050000000000000044,0.050000000000000044,0.050000000000000044
-1.989795918367347,0.5396543347943726,0.2,0.89,0.9873999999999999,0.9998999999999999,0.9998999999999999,0.9998,1.0,-9.999999999987796e-05,0.00019999999999997797,0.00010000000000010001,0.2854359943356934,0.39033268587957165,0.10489669154387826,0.014141428428549922,0.049899999999999944,0.049800000000000066,0.050000000000000044
-1.989795918367347,0.5396543347943726,0.3,0.89,0.9873999999999999,0.9997,0.9997,0.9993999999999998,1.0,-0.000300000000000189,0.000600000000000156,0.00029999999999996696,0.3431316721242821,0.4690653367988236,0.12593366467454153,0.024488772325231,0.04970000000000008,0.04939999999999989,0.050000000000000044
-1.989795918367347,0.5396543347943726,0.4,0.89,0.9873999999999999,0.9995999999999999,0.9995999999999999,0.9982999999999999,1.0,-0.0013000000000000789,0.0017000000000001458,0.00040000000000006697,0.39101994029270015,0.5342630465901086,0.14324310629740844,0.0411980549052112,0.04959999999999998,0.0482999999999999,0.050000000000000044
-1.989795918367347,0.5396543347943726,0.5,0.89,0.9873999999999999,0.9986999999999999,0.9986999999999999,0.9958999999999999,0.96,-0.0028000000000000247,-0.03589999999999993,-0.03869999999999996,0.432647427873989,0.5909772725999531,0.15832984472596412,0.06390303873710533,0.048699999999999966,0.04589999999999994,0.010000000000000009
-1.989795918367347,0.5396543347943726,0.6,0.89,0.9873999999999999,0.9958999999999998,0.9958999999999998,0.9910999999999999,0.95,-0.0047999999999999154,-0.041099999999999914,-0.04589999999999983,0.4693145847110947,0.6409813582456784,0.17166677353458365,0.09392375720347179,0.04589999999999983,0.041099999999999914,0.0
-1.989795918367347,0.5396543347943726,0.7,0.89,0.9873999999999999,0.9927999999999997,0.9927999999999997,0.9872999999999996,0.95,-0.00550000000000006,-0.03729999999999967,-0.04279999999999973,0.5020719180744688,0.6857036888446613,0.18363177077019244,0.11198198067724842,0.04279999999999973,0.03729999999999967,0.0
-1.989795918367347,0.5396543347943726,0.8,0.89,0.9873999999999999,0.9895999999999998,0.9895999999999998,0.9816999999999999,0.93,-0.007899999999999907,-0.05169999999999986,-0.059599999999999764,0.5315209688355556,0.725935584710002,0.19441461587444642,0.13404069042894795,0.03959999999999986,0.03169999999999995,0.019999999999999907
-1.989795918367347,0.5396543347943726,0.9,0.89,0.9873999999999999,0.9851999999999995,0.9851999999999995,0.9753999999999996,0.88,-0.00979999999999992,-0.0953999999999996,-0.10519999999999952,0.5583202804472842,0.7624502050693297,0.2041299246220455,0.15491042483955816,0.035199999999999565,0.025399999999999645,0.06999999999999995
-1.989795918367347,0.5396543347943726,1.0,0.89,0.9873999999999999,0.9795,0.9795,0.9689999999999996,0.88,-0.010500000000000398,-0.08899999999999963,-0.09950000000000003,0.5835805869513979,0.7968382012441403,0.21325761429274237,0.17332629402494026,0.02950000000000008,0.018999999999999684,0.06999999999999995
-1.8877551020408163,1.0551908634361649,0.1,0.84,0.9671999999999998,1.0,1.0,0.9998999999999999,1.0,-0.00010000000000010001,0.00010000000000010001,0.0,0.30722160790967945,0.3837187146580757,0.07649710674839627,0.010000000000000004,0.050000000000000044,0.049899999999999944,0.050000000000000044
-1.8877551020408163,1.0551908634361649,0.2,0.84,0.9671999999999998,0.9984999999999998,0.9984999999999998,0.9954999999999997,0.96,-0.0030000000000001137,-0.035499999999999754,-0.03849999999999987,0.42304616272138573,0.5279038915130158,0.10485772879163002,0.06693428134970884,0.04849999999999988,0.04549999999999976,0.010000000000000009
-1.8877551020408163,1.0551908634361649,0.3,0.84,0.9671999999999998,0.9919,0.9919,0.9855000000000002,0.94,-0.00639999999999985,-0.04550000000000021,-0.05190000000000006,0.5101503447357162,0.6361357525571946,0.12598540782147838,0.11954571978080934,0.04190000000000005,0.0355000000000002,0.010000000000000009
-1.8877551020408163,1.0551908634361649,0.4,0.84,0.9671999999999998,0.9801999999999996,0.9801999999999996,0.9712,0.9,-0.008999999999999675,-0.07119999999999993,-0.0801999999999996,0.5822933140659099,0.7254547245174487,0.14316141045153885,0.1672523761736543,0.03019999999999967,0.021199999999999997,0.04999999999999993
-1.8877551020408163,1.0551908634361649,0.5,0.84,0.9671999999999998,0.9651,0.9651,0.9513999999999999,0.86,-0.013700000000000045,-0.09139999999999993,-0.10509999999999997,0.6450021282578928,0.8031918808409324,0.15818975258303958,0.21504107576560028,0.015100000000000002,0.0013999999999999568,0.08999999999999997
-1.8877551020408163,1.0551908634361649,0.6,0.84,0.9671999999999998,0.9477999999999995,0.9477999999999995,0.9296000000000003,0.85,-0.018199999999999217,-0.07960000000000034,-0.09779999999999955,0.7001063250580136,0.8715589662950056,0.171452641236992,0.25583272863045464,0.002200000000000424,0.02039999999999964,0.09999999999999998
-1.8877551020408163,1.0551908634361649,0.7,0.84,0.9671999999999998,0.9324999999999999,0.9324999999999999,0.9107999999999994,0.83,-0.021700000000000497,-0.08079999999999943,-0.10249999999999992,0.7489465354437982,0.932601562430997,0.18365502698719882,0.2850464613857096,0.01750000000000007,0.03920000000000057,0.12
-1.8877551020408163,1.0551908634361649,0.8,0.84,0.9671999999999998,0.9171999999999997,0.9171999999999997,0.8898,0.83,-0.027399999999999647,-0.059800000000000075,-0.08719999999999972,0.7926563376976966,0.9873883835863415,0.1947320458886449,0.3131545410442864,0.03280000000000027,0.06019999999999992,0.12
-1.8877551020408163,1.0551908634361649,0.9,0.84,0.9671999999999998,0.9034000000000002,0.9034000000000002,0.8718000000000002,0.83,-0.03159999999999996,-0.04180000000000028,-0.07340000000000024,0.832693791551565,1.0372174296157428,0.20452363806417784,0.33432908577292425,0.04659999999999975,0.07819999999999971,0.12
-1.8877551020408163,1.0551908634361649,1.0,0.84,0.9671999999999998,0.8895000000000001,0.8895000000000001,0.8533999999999999,0.82,-0.03610000000000013,-0.033399999999999985,-0.06950000000000012,0.8698818393126813,1.0833949232761513,0.21351308396347002,0.35372440132850536,0.06049999999999989,0.09660000000000002,0.13
-1.5816326530612246,0.5069691785060113,0.1,0.84,0.9827999999999996,1.0,1.0,1.0,1.0,0.0,0.0,0.0,0.2344306722083792,0.31128824261881854,0.07685757041043934,0.0,0.050000000000000044,0.050000000000000044,0.050000000000000044
-1.5816326530612246,0.5069691785060113,0.2,0.84,0.9827999999999996,1.0,1.0,0.9999000000000001,1.0,-9.999999999987796e-05,9.999999999987796e-05,0.0,0.32323848171567576,0.42890406791592905,0.10566558620025329,0.01,0.050000000000000044,0.049900000000000166,0.050000000000000044
-1.5816326530612246,0.5069691785060113,0.3,0.84,0.9827999999999996,1.0,1.0,0.9989,1.0,-0.0010999999999999899,0.0010999999999999899,0.0,0.3897408412411143,0.5167707958761733,0.12702995463505895,0.0331496589724389,0.050000000000000044,0.048900000000000055,0.050000000000000044
-1.5816326530612246,0.5069691785060113,0.4,0.84,0.9827999999999996,0.9985999999999998,0.9985999999999998,0.9957999999999998,0.96,-0.0028000000000000247,-0.03579999999999983,-0.03859999999999986,0.4448635985972506,0.5893277097666216,0.14446411116937102,0.06467440202914738,0.048599999999999866,0.04579999999999984,0.010000000000000009
-1.5816326530612246,0.5069691785060113,0.5,0.84,0.9827999999999996,0.9962999999999996,0.9962999999999996,0.9900999999999992,0.94,-0.006200000000000427,-0.050099999999999256,-0.056299999999999684,0.4922038692221649,0.6516876438802462,0.15948377465808133,0.09900995049503712,0.046299999999999675,0.04009999999999925,0.010000000000000009
-1.5816326530612246,0.5069691785060113,0.6,0.84,0.9827999999999996,0.9922999999999996,0.9922999999999996,0.9821999999999995,0.92,-0.010100000000000109,-0.06219999999999948,-0.07229999999999959,0.5335364340062155,0.7062346158152184,0.17269818180900287,0.13223051270735164,0.04229999999999967,0.03219999999999956,0.029999999999999916
-1.5816326530612246,0.5069691785060113,0.7,0.84,0.9827999999999996,0.9875999999999996,0.9875999999999996,0.9724999999999996,0.86,-0.015100000000000002,-0.1124999999999996,-0.1275999999999996,0.5694474010948332,0.7537696404478392,0.18432223935300607,0.1635433417857916,0.037599999999999634,0.02249999999999963,0.08999999999999997
-1.5816326530612246,0.5069691785060113,0.8,0.84,0.9827999999999996,0.9812999999999994,0.9812999999999994,0.9618000000000001,0.84,-0.019499999999999296,-0.12180000000000013,-0.14129999999999943,0.6012776072356318,0.7960625793028729,0.1947849720672411,0.19168837847778966,0.03129999999999944,0.011800000000000144,0.10999999999999999
-1.5816326530612246,0.5069691785060113,0.9,0.84,0.9827999999999996,0.9735999999999992,0.9735999999999992,0.9497999999999999,0.84,-0.023799999999999377,-0.1097999999999999,-0.13359999999999927,0.6297449482444496,0.8342185293847786,0.20447358114032899,0.21836833211994658,0.023599999999999288,0.000200000000000089,0.10999999999999999
-1.5816326530612246,0.5069691785060113,1.0,0.84,0.9827999999999996,0.9665999999999997,0.9665999999999997,0.9379999999999998,0.84,-0.028599999999999848,-0.09799999999999986,-0.1265999999999997,0.656254764830677,0.8692359997867237,0.2129812349560467,0.24116761014202995,0.016599999999999726,0.012000000000000122,0.10999999999999999
-1.479591836734694,-0.2629832842487771,0.1,0.91,0.9649999999999999,1.0,1.0,1.0,1.0,0.0,0.0,0.0,0.2942235366504322,0.24191207367702428,-0.05231146297340794,0.0,0.050000000000000044,0.050000000000000044,0.050000000000000044
-1.479591836734694,-0.2629832842487771,0.2,0.91,0.9649999999999999,0.9985999999999998,0.9985999999999998,0.9981999999999998,1.0,-0.00040000000000006697,0.0018000000000002458,0.0014000000000001789,0.4064903663671642,0.3338650032433849,-0.07262536312377926,0.0423903254760965,0.048599999999999866,0.0481999999999998,0.050000000000000044
-1.479591836734694,-0.2629832842487771,0.3,0.91,0.9649999999999999,0.9927999999999997,0.9927999999999997,0.9939999999999999,0.99,0.001200000000000201,-0.0039999999999998925,-0.0027999999999996916,0.4906054556102579,0.4024165669488599,-0.08818888866139801,0.07723079994177172,0.04279999999999973,0.04399999999999993,0.040000000000000036
-1.479591836734694,-0.2629832842487771,0.4,0.91,0.9649999999999999,0.9823999999999999,0.9823999999999999,0.9860999999999995,0.95,0.0036999999999995925,-0.03609999999999958,-0.032399999999999984,0.5602319299684417,0.4588094518133314,-0.10142247815511035,0.11708185519576299,0.032399999999999984,0.03609999999999958,0.0
-1.479591836734694,-0.2629832842487771,0.5,0.91,0.9649999999999999,0.9659999999999994,0.9659999999999994,0.9778999999999998,0.95,0.011900000000000355,-0.027899999999999814,-0.01599999999999946,0.619797361802089,0.5069375583631393,-0.11285980343894975,0.14701616025164552,0.01599999999999946,0.027899999999999814,0.0
-1.479591836734694,-0.2629832842487771,0.6,0.91,0.9649999999999999,0.9509999999999992,0.9509999999999992,0.9654999999999997,0.94,0.014500000000000512,-0.025499999999999745,-0.010999999999999233,0.6716846396380892,0.5490663552813503,-0.12261828435673894,0.18251871495309954,0.0009999999999992237,0.015499999999999736,0.010000000000000009
-1.479591836734694,-0.2629832842487771,0.7,0.91,0.9649999999999999,0.9350000000000002,0.9350000000000002,0.9547,0.93,0.01969999999999983,-0.024699999999999944,-0.0050000000000001155,0.7166239557008585,0.5860957893138032,-0.13052816638705522,0.20797171736445882,0.014999999999999791,0.0047000000000000375,0.019999999999999907
-1.479591836734694,-0.2629832842487771,0.8,0.91,0.9649999999999999,0.9240999999999999,0.9240999999999999,0.9423999999999996,0.93,0.01829999999999965,-0.012399999999999523,0.005900000000000127,0.7566250669561949,0.6193810566344523,-0.1372440103217426,0.23299714325904655,0.025900000000000034,0.007600000000000384,0.019999999999999907
-1.479591836734694,-0.2629832842487771,0.9,0.91,0.9649999999999999,0.9095999999999997,0.9095999999999997,0.9300999999999998,0.92,0.020500000000000074,-0.010099999999999776,0.010400000000000298,0.791768147374723,0.6488481585182867,-0.1429199888564363,0.25499116072759254,0.040400000000000214,0.01990000000000014,0.029999999999999916
-1.479591836734694,-0.2629832842487771,1.0,0.91,0.9649999999999999,0.8949999999999995,0.8949999999999995,0.9207,0.89,0.0257000000000005,-0.03069999999999995,-0.004999999999999449,0.8248439523809753,0.6762526429595531,-0.14859130942142218,0.2702199324276211,0.05500000000000049,0.029299999999999993,0.05999999999999994
-1.173469387755102,-1.3511509742303678,0.1,0.92,0.9895999999999998,1.0,1.0,1.0,1.0,0.0,0.0,0.0,0.22582352735570813,0.19903812178380323,-0.026785405571904897,0.0,0.050000000000000044,0.050000000000000044,0.050000000000000044
-1.173469387755102,-1.3511509742303678,0.2,0.92,0.9895999999999998,1.0,1.0,1.0,1.0,0.0,0.0,0.0,0.31203622068182496,0.27472601073020503,-0.03731020995161993,0.0,0.050000000000000044,0.050000000000000044,0.050000000000000044
-1.173469387755102,-1.3511509742303678,0.3,0.92,0.9895999999999998,0.9998999999999999,0.9998999999999999,0.9995999999999999,1.0,-0.00029999999999996696,0.00040000000000006697,0.00010000000000010001,0.3765106481859983,0.33086635510468787,-0.045644293081310405,0.019996999474891225,0.049899999999999944,0.04959999999999998,0.050000000000000044
-1.173469387755102,-1.3511509742303678,0.4,0.92,0.9895999999999998,0.9993999999999998,0.9993999999999998,0.9987999999999999,1.0,-0.0005999999999999339,0.0012000000000000899,0.000600000000000156,0.42967316454046284,0.37677222495226353,-0.0529009395881993,0.03462195644366157,0.04939999999999989,0.048799999999999955,0.050000000000000044
-1.173469387755102,-1.3511509742303678,0.5,0.92,0.9895999999999998,0.9969999999999999,0.9969999999999999,0.9975999999999998,1.0,0.0005999999999999339,0.0024000000000001798,0.0030000000000001137,0.47555808086757495,0.41619166380263695,-0.059366417064938004,0.04893341851888946,0.04699999999999993,0.047599999999999865,0.050000000000000044
-1.173469387755102,-1.3511509742303678,0.6,0.92,0.9895999999999998,0.9932999999999997,0.9932999999999997,0.9961999999999998,1.0,0.0029000000000000137,0.0038000000000002476,0.006700000000000261,0.5150891924163672,0.45031422167340845,-0.06477497074295874,0.06152998126002789,0.04329999999999978,0.0461999999999998,0.050000000000000044
-1.173469387755102,-1.3511509742303678,0.7,0.92,0.9895999999999998,0.9894999999999996,0.9894999999999996,0.9934999999999996,0.98,0.0040000000000000036,-0.013499999999999623,-0.00949999999999962,0.5494629156249066,0.4806142415871369,-0.06884867403776967,0.0803641452364421,0.039499999999999647,0.04349999999999965,0.030000000000000027
-1.173469387755102,-1.3511509742303678,0.8,0.92,0.9895999999999998,0.9847999999999999,0.9847999999999999,0.9906999999999999,0.95,0.005900000000000016,-0.04069999999999996,-0.03479999999999994,0.578872305562375,0.5068917034130896,-0.07198060214928537,0.09599183008540008,0.03479999999999994,0.04069999999999996,0.0
-1.173469387755102,-1.3511509742303678,0.9,0.92,0.9895999999999998,0.9802999999999996,0.9802999999999996,0.9873999999999996,0.93,0.007099999999999995,-0.05739999999999956,-0.05029999999999957,0.6061139690075238,0.5314127302700589,-0.07470123873746493,0.11154588404968085,0.03029999999999966,0.037399999999999656,0.019999999999999907
-1.173469387755102,-1.3511509742303678,1.0,0.92,0.9895999999999998,0.9757999999999996,0.9757999999999996,0.9830999999999998,0.92,0.007300000000000195,-0.06309999999999971,-0.05579999999999952,0.6310192833503037,0.5531855172239802,-0.07783376612632342,0.12890326452483863,0.0257999999999996,0.033099999999999796,0.029999999999999916
2.091836734693877,1.0455201744809497,0.1,0.94,0.9671999999999997,1.0,1.0,0.9999000000000001,1.0,-9.999999999987796e-05,9.999999999987796e-05,0.0,0.3215669599384034,0.3352294061719302,0.013662446233526804,0.010000000000000004,0.050000000000000044,0.049900000000000166,0.050000000000000044
2.091836734693877,1.0455201744809497,0.2,0.94,0.9671999999999997,0.9965999999999998,0.9965999999999998,0.9942999999999996,0.99,-0.0023000000000001908,-0.0042999999999996374,-0.006599999999999828,0.43808659234400804,0.4564360232897782,0.018349430945770184,0.07528663100232849,0.046599999999999864,0.04429999999999967,0.040000000000000036
2.091836734693877,1.0455201744809497,0.3,0.94,0.9671999999999997,0.9863999999999996,0.9863999999999996,0.9806999999999997,0.96,-0.005699999999999927,-0.02069999999999972,-0.026399999999999646,0.5220453600018126,0.5432488275895899,0.021203467587777358,0.13758416675000806,0.036399999999999655,0.030699999999999728,0.010000000000000009
2.091836734693877,1.0455201744809497,0.4,0.94,0.9671999999999997,0.9731999999999995,0.9731999999999995,0.9642999999999996,0.96,-0.008899999999999908,-0.0042999999999996374,-0.013199999999999545,0.5900805904753268,0.6131391754736903,0.02305858499836355,0.1855504052684594,0.023199999999999554,0.014299999999999646,0.010000000000000009
2.091836734693877,1.0455201744809497,0.5,0.94,0.9671999999999997,0.9537999999999996,0.9537999999999996,0.9455,0.94,-0.008299999999999641,-0.00550000000000006,-0.013799999999999701,0.6484941563093363,0.6729189794916134,0.024424823182277122,0.22701300291029372,0.0037999999999996925,0.0044999999999999485,0.010000000000000009
2.091836734693877,1.0455201744809497,0.6,0.94,0.9671999999999997,0.9381,0.9381,0.9277000000000004,0.95,-0.010399999999999632,0.022299999999999542,0.01189999999999991,0.700381760211367,0.7257760192803147,0.025394259068947655,0.2589969458155717,0.01189999999999991,0.022299999999999542,0.0
2.091836734693877,1.0455201744809497,0.7,0.94,0.9671999999999997,0.9226999999999999,0.9226999999999999,0.9120999999999999,0.94,-0.010599999999999943,0.027900000000000036,0.017300000000000093,0.7454453028298118,0.7710290298623268,0.02558372703251499,0.28316357138730974,0.027300000000000102,0.037900000000000045,0.010000000000000009
2.091836734693877,1.0455201744809497,0.8,0.94,0.9671999999999997,0.9097999999999999,0.9097999999999999,0.8997999999999999,0.92,-0.010000000000000009,0.020200000000000107,0.010200000000000098,0.7846084481941864,0.811327135288128,0.02671868709394165,0.3002814960960628,0.040200000000000014,0.05020000000000002,0.029999999999999916
2.091836734693877,1.0455201744809497,0.9,0.94,0.9671999999999997,0.9001,0.9001,0.8896999999999999,0.9,-0.010400000000000076,0.010300000000000087,-9.999999999998899e-05,0.8179051585608944,0.8447159649023553,0.026810806341460935,0.31327898808001353,0.049899999999999944,0.06030000000000002,0.04999999999999993
2.091836734693877,1.0455201744809497,1.0,0.94,0.9671999999999997,0.8890999999999998,0.8890999999999998,0.8786,0.89,-0.010499999999999732,0.011399999999999966,0.000900000000000234,0.8512346941213554,0.8784287684426272,0.027194074321271744,0.32660787998872143,0.060900000000000176,0.07139999999999991,0.05999999999999994
2.5,0.1733176589175135,0.1,0.94,0.9791999999999997,0.9992,0.9992,0.9993000000000001,1.0,0.00010000000000010001,0.0006999999999999229,0.0008000000000000229,0.2766364773911491,0.31012416635249784,0.03348768896134874,0.02644957387172428,0.04920000000000002,0.04930000000000012,0.050000000000000044
2.5,0.1733176589175135,0.2,0.94,0.9791999999999997,0.9910999999999999,0.9910999999999999,0.9971999999999999,1.0,0.006099999999999994,0.0028000000000001357,0.00890000000000013,0.36238890219743036,0.4051583206293133,0.04276941843188292,0.0528435354979622,0.041099999999999914,0.04719999999999991,0.050000000000000044
2.5,0.1733176589175135,0.3,0.94,0.9791999999999997,0.982,0.982,0.9924000000000001,1.0,0.010400000000000076,0.00759999999999994,0.018000000000000016,0.4249411035992225,0.47413059807551056,0.049189494476288065,0.08685041335209606,0.03200000000000003,0.042400000000000104,0.050000000000000044
2.5,0.1733176589175135,0.4,0.94,0.9791999999999997,0.9752,0.9752,0.9864999999999996,1.0,0.011299999999999644,0.0135000000000004,0.024800000000000044,0.47595256040527445,0.5301651496092432,0.054212589203968764,0.11540832685812069,0.0252,0.036499999999999644,0.050000000000000044
2.5,0.1733176589175135,0.5,0.94,0.9791999999999997,0.9689,0.9689,0.9803999999999998,1.0,0.011499999999999844,0.019600000000000173,0.031100000000000017,0.520185716641142,0.5784840261102389,0.058298309469096865,0.13862814207864727,0.018900000000000028,0.03039999999999987,0.050000000000000044
2.5,0.1733176589175135,0.6,0.94,0.9791999999999997,0.9632999999999998,0.9632999999999998,0.9742999999999998,1.0,0.01100000000000001,0.025700000000000167,0.03670000000000018,0.5592904847101576,0.6211685319671935,0.06187804725703583,0.15824668780552767,0.013299999999999867,0.024299999999999877,0.050000000000000044
2.5,0.1733176589175135,0.7,0.94,0.9791999999999997,0.9560999999999997,0.9560999999999997,0.9665999999999998,0.99,0.010500000000000065,0.0234000000000002,0.03390000000000026,0.5946155237015505,0.6593221921389745,0.06470666843742401,0.17968769787293923,0.006099999999999772,0.016599999999999837,0.040000000000000036
2.5,0.1733176589175135,0.8,0.94,0.9791999999999997,0.9502999999999997,0.9502999999999997,0.9581999999999998,0.98,0.00790000000000013,0.021800000000000153,0.02970000000000028,0.6259746422099164,0.6938074369408433,0.06783279473092696,0.20014186387801947,0.0002999999999997449,0.008199999999999874,0.030000000000000027
2.5,0.1733176589175135,0.9,0.94,0.9791999999999997,0.9438999999999997,0.9438999999999997,0.9507999999999996,0.97,0.006899999999999906,0.019200000000000328,0.026100000000000234,0.6546501984840214,0.7246952851808971,0.0700450866968757,0.21629618212959834,0.006100000000000216,0.0007999999999996898,0.020000000000000018
2.5,0.1733176589175135,1.0,0.94,0.9791999999999997,0.9382999999999997,0.9382999999999997,0.9431999999999994,0.93,0.004899999999999682,-0.013199999999999323,-0.008299999999999641,0.6823066428946009,0.7545878739921988,0.07228123109759799,0.2314716352208002,0.011700000000000266,0.006800000000000583,0.019999999999999907
